"State","Congressional District","Representative","Party","Total Applicants","Total Funding","Funding per Applicant","Number of ZIP Codes"
"Alabama","Alabama District 1","Barry Moore","Republican",503,568276.8,1129.77495029821,30
"Alabama","Alabama District 2","Shomari Figures","Democrat",835,2516723.63,3014.0402754491,20
"Alabama","Alabama District 3","Mike Rogers","Republican",467,1040807.83,2228.71055674518,30
"Alabama","Alabama District 4","Robert B. Aderholt","Republican",13,14587.29,1122.09923076923,4
"Alabama","Alabama District 5","Dale W. Strong","Republican",89,65974.3,741.284269662921,9
"Alabama","Alabama District 6","Gary J. Palmer","Republican",1130,2428168.54,2148.82171681416,41
"Alabama","Alabama District 7","Terri A. Sewell","Democrat",4437,7504140.85,1691.26455938697,55
"Alaska","Alaska At-Large","Nicholas J. Begich III","Republican",4210,55222144.7,13116.8989786223,69
"Arizona","Arizona District 1","David Schweikert","Republican",293,555254.27,1895.06576791809,21
"Arizona","Arizona District 2","Elijah Crane","Republican",103,1177369.92,11430.7759223301,26
"Arizona","Arizona District 3","Yassamin Ansari","Democrat",59,0,0,19
"Arizona","Arizona District 4","Greg Stanton","Democrat",99,162832.28,1644.7705050505,14
"Arizona","Arizona District 5","Andy Biggs","Republican",44,0,0,16
"Arizona","Arizona District 6","Juan Ciscomani","Republican",71,0,0,29
"Arizona","Arizona District 7","Adelita S. Grijalva","Democrat",90,0,0,25
"Arizona","Arizona District 8","Abraham J. Hamadeh","Republican",34,0,0,15
"Arizona","Arizona District 9","Paul A. Gosar","Republican",39,0,0,22
"Arkansas","Arkansas District 1","Eric A. ""Rick"" Crawford","Republican",7536,23886464.27,3169.64759421444,137
"Arkansas","Arkansas District 2","J. French Hill","Republican",10335,10790481.17,1044.07171456217,38
"Arkansas","Arkansas District 3","Steve Womack","Republican",5355,6177140.48,1153.52763398693,22
"Arkansas","Arkansas District 4","Bruce Westerman","Republican",1639,5803368.26,3540.79820622331,18
"California","California District 1",NA,NA,830,983853.17,1185.36526506024,41
"California","California District 2","Jared Huffman","Democrat",1355,5695668.72,4203.4455498155,37
"California","California District 3","Kevin Kiley","Independent",2900,5865008.3,2022.41665517241,61
"California","California District 4","Mike Thompson","Democrat",1,0,0,1
"California","California District 5","Tom McClintock","Republican",3486,12891612.82,3698.11039013196,59
"California","California District 6","Ami Bera","Democrat",1568,1385727.49,883.754776785714,25
"California","California District 7","Doris O. Matsui","Democrat",1907,1377152.68,722.156622968013,26
"California","California District 8","John Garamendi","Democrat",521,804247.31,1543.66086372361,15
"California","California District 9","Josh Harder","Democrat",2009,3625027.1,1804.393777999,26
"California","California District 10","Mark DeSaulnier","Democrat",1159,3069066.23,2648.0295340811,27
"California","California District 11","Nancy Pelosi","Democrat",0,0,NA,0
"California","California District 12","Lateefah Simon","Democrat",1349,3372761.64,2500.19395107487,25
"California","California District 13","Adam Gray","Democrat",3392,5493444.04,1619.52949292453,30
"California","California District 14","Eric Swalwell","Democrat",714,2260717.11,3166.27046218487,17
"California","California District 15","Kevin Mullin","Democrat",909,3624830.25,3987.71204620462,16
"California","California District 16","Sam T. Liccardo","Democrat",778,2732855.84,3512.6681748072,34
"California","California District 17","Ro Khanna","Democrat",114,72964.38,640.038421052632,16
"California","California District 18","Zoe Lofgren","Democrat",4706,13688389.99,2908.71015512112,30
"California","California District 19","Jimmy Panetta","Democrat",6553,26473689.76,4039.934344575,43
"California","California District 20","Vince Fong","Republican",2195,6617712.12,3014.90301594533,38
"California","California District 21","Jim Costa","Democrat",309,531217.02,1719.14893203884,11
"California","California District 22","David G. Valadao","Republican",706,1292812.43,1831.17907932011,22
"California","California District 23","Jay Obernolte","Republican",2377,3939740.84,1657.44250736222,50
"California","California District 24","Salud O. Carbajal","Democrat",3702,9396292.46,2538.16652079957,38
"California","California District 25","Raul Ruiz","Democrat",4,0,0,3
"California","California District 26","Julia Brownley","Democrat",2238,2097516.15,937.227949061662,23
"California","California District 27","George Whitesides","Democrat",3630,1665894.98,458.924236914601,19
"California","California District 28","Judy Chu","Democrat",36170,88407669.96,2444.22642963782,32
"California","California District 29","Luz M. Rivas","Democrat",6634,1881113.92,283.556514923123,14
"California","California District 30","Laura Friedman","Democrat",47390,10126550.56,213.685388478582,30
"California","California District 31","Gilbert Ray Cisneros, Jr.","Democrat",2466,508473.58,206.193665855637,19
"California","California District 32","Brad Sherman","Democrat",29451,62696650.57,2128.84623849784,28
"California","California District 33","Pete Aguilar","Democrat",211,139979.61,663.410473933649,14
"California","California District 34","Jimmy Gomez","Democrat",40526,541159.51,13.3533906627844,19
"California","California District 35","Norma J. Torres","Democrat",460,47707.6,103.712173913043,13
"California","California District 36","Ted Lieu","Democrat",8818,1406937.69,159.552924699478,25
"California","California District 37","Sydney Kamlager-Dove","Democrat",54704,1154131.13,21.097746599883,21
"California","California District 38","Linda T. Sánchez","Democrat",1171,116179.73,99.2141161400512,17
"California","California District 39","Mark Takano","Democrat",3,0,0,3
"California","California District 40","Young Kim","Republican",13,7481.61,575.508461538461,2
"California","California District 41","Ken Calvert","Republican",1,0,0,1
"California","California District 42","Robert Garcia","Democrat",6117,978705.09,159.997562530652,22
"California","California District 43","Maxine Waters","Democrat",19824,1742970.48,87.9222397094431,22
"California","California District 44","Nanette Diaz Barragán","Democrat",1918,1052321.83,548.655802919708,13
"California","California District 45","Derek Tran","Democrat",102,300,2.94117647058824,3
"California","California District 46","J. Luis Correa","Democrat",1,0,0,1
"California","California District 47","Dave Min","Democrat",0,0,NA,0
"California","California District 48","Darrell Issa","Republican",718,2302678.24,3207.07275766017,28
"California","California District 49","Mike Levin","Democrat",119,155265.31,1304.75050420168,13
"California","California District 50","Scott H. Peters","Democrat",787,1501633.1,1908.04714104193,22
"California","California District 51","Sara Jacobs","Democrat",2114,7994273.21,3781.58619205298,17
"California","California District 52","Juan Vargas","Democrat",3879,15857401.97,4088.01288218613,16
"Colorado","Colorado District 1","Diana DeGette","Democrat",0,0,NA,0
"Colorado","Colorado District 2","Joe Neguse","Democrat",3193,2134206.55,668.401675540244,15
"Colorado","Colorado District 3","Jeff Hurd","Republican",0,0,NA,0
"Colorado","Colorado District 4","Lauren Boebert","Republican",0,0,NA,0
"Colorado","Colorado District 5","Jeff Crank","Republican",0,0,NA,0
"Colorado","Colorado District 6","Jason Crow","Democrat",0,0,NA,0
"Colorado","Colorado District 7","Brittany Pettersen","Democrat",1,0,0,1
"Colorado","Colorado District 8","Gabe Evans","Republican",7,500,71.4285714285714,1
"Connecticut","Connecticut District 1","John B. Larson","Democrat",15,1050,70,9
"Connecticut","Connecticut District 2","Joe Courtney","Democrat",225,619140.63,2751.73613333333,24
"Connecticut","Connecticut District 3","Rosa L. DeLauro","Democrat",636,2309722.9,3631.63977987421,32
"Connecticut","Connecticut District 4","James A. Himes","Democrat",2866,13386264.33,4670.7133042568,36
"Connecticut","Connecticut District 5","Jahana Hayes","Democrat",1274,8248662.84,6474.61761381476,35
"Delaware","Delaware At-Large","Sarah McBride","Democrat",0,0,NA,0
"District of Columbia","District of Columbia District 98",NA,NA,0,0,NA,0
"Florida","Florida District 1","Jimmy Patronis","Republican",248,2800,11.2903225806452,35
"Florida","Florida District 2","Neal P. Dunn","Republican",40151,61933934.6,1542.52533187218,71
"Florida","Florida District 3","Kat Cammack","Republican",81753,128398008.5,1570.56020574169,74
"Florida","Florida District 4","Aaron Bean","Republican",20599,16593584.02,805.552891887956,29
"Florida","Florida District 5","John H. Rutherford","Republican",10424,5558375.18,533.228624328473,21
"Florida","Florida District 6","Randy Fine","Republican",92521,101928041.7,1101.67466521114,57
"Florida","Florida District 7","Cory Mills","Republican",103548,115151995.74,1112.06392919226,27
"Florida","Florida District 8","Mike Haridopolos","Republican",37879,24901744.7,657.40237862668,36
"Florida","Florida District 9","Darren Soto","Democrat",95592,58123011.65,608.032174763578,24
"Florida","Florida District 10","Maxwell Frost","Democrat",96268,66863191.24,694.552616030249,25
"Florida","Florida District 11","Daniel Webster","Republican",66533,39758225.32,597.571510678911,39
"Florida","Florida District 12","Gus M. Bilirakis","Republican",111602,227796109.71,2041.14719906453,45
"Florida","Florida District 13","Anna Paulina Luna","Republican",232787,362513489.7,1557.27549089941,39
"Florida","Florida District 14","Kathy Castor","Democrat",289168,331459130.81,1146.25107484231,29
"Florida","Florida District 15","Laurel M. Lee","Republican",182633,131156949.82,718.144857829636,29
"Florida","Florida District 16","Vern Buchanan","Republican",241688,257603311.63,1065.85064889444,33
"Florida","Florida District 17","W. Gregory Steube","Republican",255169,459054165.8,1799.02012313408,42
"Florida","Florida District 18","Scott Franklin","Republican",155069,128453583.54,828.36404142672,55
"Florida","Florida District 19","Byron Donalds","Republican",210479,467276540.14,2220.06252471743,38
"Florida","Florida District 20","Sheila Cherfilus-McCormick","Democrat",25859,14966169.89,578.760582002398,23
"Florida","Florida District 21","Brian J. Mast","Republican",24629,16852793.14,684.266236550408,32
"Florida","Florida District 22","Lois Frankel","Democrat",20052,2823174.22,140.792650109715,24
"Florida","Florida District 23","Jared Moskowitz","Democrat",4583,2367015.33,516.477270346934,26
"Florida","Florida District 24","Frederica S. Wilson","Democrat",760,395492.82,520.385289473684,21
"Florida","Florida District 25","Debbie Wasserman Schultz","Democrat",9373,25423116.25,2712.37770724421,20
"Florida","Florida District 26","Mario Diaz-Balart","Republican",28531,32823570.28,1150.45285058358,24
"Florida","Florida District 27","Maria Elvira Salazar","Republican",187,10198.37,54.5367379679144,24
"Florida","Florida District 28","Carlos A. Gimenez","Republican",729,333176.94,457.032839506173,25
"Georgia","Georgia District 1","Earl L. ""Buddy"" Carter","Republican",95378,71616174.86,750.86681268217,67
"Georgia","Georgia District 2","Sanford D. Bishop, Jr.","Democrat",2049,1641913.06,801.324089799902,14
"Georgia","Georgia District 3","Brian Jack","Republican",5491,4058519.57,739.122121653615,23
"Georgia","Georgia District 4","Henry C. ""Hank"" Johnson, Jr.","Democrat",813,406460.77,499.951746617466,9
"Georgia","Georgia District 5","Nikema Williams","Democrat",7839,7438242.71,948.876477867075,28
"Georgia","Georgia District 6","Lucy McBath","Democrat",254,148361.14,584.098976377953,6
"Georgia","Georgia District 7","Richard McCormick","Republican",81,35773.92,441.653333333333,6
"Georgia","Georgia District 8","Austin Scott","Republican",93892,117502292.09,1251.46223416265,75
"Georgia","Georgia District 9","Andrew S. Clyde","Republican",479,440452.92,919.525929018789,14
"Georgia","Georgia District 10","Mike Collins","Republican",5775,4007212.41,693.889594805195,22
"Georgia","Georgia District 11","Barry Loudermilk","Republican",3,300,100,3
"Georgia","Georgia District 12","Rick W. Allen","Republican",203212,207081022.97,1019.0393430014,93
"Georgia","Georgia District 13","David Scott","Democrat",2243,1599881.86,713.277690592956,9
"Georgia","Georgia District 14",NA,NA,1,0,0,1
"Hawaii","Hawaii District 1","Ed Case","Democrat",30,4500,150,13
"Hawaii","Hawaii District 2","Jill N. Tokuda","Democrat",17371,72441644.17,4170.26332220367,27
"Idaho","Idaho District 1","Russ Fulcher","Republican",0,0,NA,0
"Idaho","Idaho District 2","Michael K. Simpson","Republican",0,0,NA,0
"Illinois","Illinois District 1","Jonathan L. Jackson","Democrat",34994,90130463.56,2575.59763273704,21
"Illinois","Illinois District 2","Robin L. Kelly","Democrat",73882,227661323.77,3081.4179877372,29
"Illinois","Illinois District 3","Delia C. Ramirez","Democrat",13177,56353510.13,4276.65706382333,10
"Illinois","Illinois District 4","Jesús G. ""Chuy"" García","Democrat",20688,80308473.67,3881.8867783256,19
"Illinois","Illinois District 5","Mike Quigley","Democrat",1711,4143818.05,2421.86911163063,18
"Illinois","Illinois District 6","Sean Casten","Democrat",4246,10921698.31,2572.23229156854,25
"Illinois","Illinois District 7","Danny K. Davis","Democrat",22015,77060557.08,3500.36598137633,29
"Illinois","Illinois District 8","Raja Krishnamoorthi","Democrat",304,572391.91,1882.868125,11
"Illinois","Illinois District 9","Janice D. Schakowsky","Democrat",1006,2348159.28,2334.15435387674,18
"Illinois","Illinois District 10","Bradley Scott Schneider","Democrat",66,43342.44,656.703636363636,5
"Illinois","Illinois District 11","Bill Foster","Democrat",283,979924.1,3462.62932862191,7
"Illinois","Illinois District 12","Mike Bost","Republican",3788,10792737.62,2849.19155755016,29
"Illinois","Illinois District 13","Nikki Budzinski","Democrat",15197,55926941.08,3680.13035993946,14
"Illinois","Illinois District 14","Lauren Underwood","Democrat",1858,3077834.38,1656.53088266954,16
"Illinois","Illinois District 15","Mary E. Miller","Republican",60,276107.03,4601.78383333333,8
"Illinois","Illinois District 16","Darin LaHood","Republican",1658,3104687.8,1872.54993968637,21
"Illinois","Illinois District 17","Eric Sorensen","Democrat",1893,4698268.48,2481.91678816693,21
"Indiana","Indiana District 1","Frank J. Mrvan","Democrat",832,417805.58,502.170168269231,25
"Indiana","Indiana District 2","Rudy Yakym III","Republican",0,0,NA,0
"Indiana","Indiana District 3","Marlin A. Stutzman","Republican",331,267549.54,808.306767371601,24
"Indiana","Indiana District 4","James R. Baird","Republican",424,263568.64,621.624150943396,26
"Indiana","Indiana District 5","Victoria Spartz","Republican",223,227137.48,1018.55372197309,12
"Indiana","Indiana District 6","Jefferson Shreve","Republican",320,119848.63,374.52696875,9
"Indiana","Indiana District 7","André Carson","Democrat",1,225.33,225.33,1
"Indiana","Indiana District 8","Mark B. Messmer","Republican",330,1328447.7,4025.59909090909,13
"Indiana","Indiana District 9","Erin Houchin","Republican",50,11491.09,229.8218,9
"Iowa","Iowa District 1","Mariannette Miller-Meeks","Republican",494,1902629.7,3851.47712550607,28
"Iowa","Iowa District 2","Ashley Hinson","Republican",1,300,300,1
"Iowa","Iowa District 3","Zachary Nunn","Republican",1675,2698307.63,1610.92992835821,61
"Iowa","Iowa District 4","Randy Feenstra","Republican",7983,70025710.11,8771.85395340098,149
"Kansas","Kansas District 1","Tracey Mann","Republican",1,0,0,1
"Kansas","Kansas District 2","Derek Schmidt","Republican",4,1586.25,396.5625,4
"Kansas","Kansas District 3","Sharice Davids","Democrat",2,700,350,2
"Kansas","Kansas District 4","Ron Estes","Republican",0,0,NA,0
"Kentucky","Kentucky District 1","James Comer","Republican",12571,27467602.26,2184.99739559303,91
"Kentucky","Kentucky District 2","Brett Guthrie","Republican",8022,18646709.74,2324.44648965345,106
"Kentucky","Kentucky District 3","Morgan McGarvey","Democrat",1091,2739523.06,2511.02021998167,31
"Kentucky","Kentucky District 4","Thomas Massie","Republican",1110,5645210.58,5085.7752972973,56
"Kentucky","Kentucky District 5","Harold Rogers","Republican",29774,194264873.69,6524.64813898032,278
"Kentucky","Kentucky District 6","Andy Barr","Republican",1474,7660750.28,5197.25256445047,40
"Louisiana","Louisiana District 1","Steve Scalise","Republican",283522,508309473.04,1792.83961399821,57
"Louisiana","Louisiana District 2","Troy A. Carter","Democrat",280331,442817495.45,1579.62371428775,58
"Louisiana","Louisiana District 3","Clay Higgins","Republican",28228,29743976.63,1053.70471269661,50
"Louisiana","Louisiana District 4","Mike Johnson","Republican",7498,5679144.17,757.421201653774,100
"Louisiana","Louisiana District 5","Julia Letlow","Republican",60876,99228878.9,1630.01640876536,116
"Louisiana","Louisiana District 6","Cleo Fields","Democrat",207041,268216250.84,1295.47408890027,58
"Maine","Maine District 1","Chellie Pingree","Democrat",1838,4184896.36,2276.87505984766,120
"Maine","Maine District 2","Jared F. Golden","Democrat",2961,7882316.06,2662.04527524485,173
"Maryland","Maryland District 1","Andy Harris","Republican",0,0,NA,0
"Maryland","Maryland District 2","Johnny Olszewski, Jr.","Democrat",0,0,NA,0
"Maryland","Maryland District 3","Sarah Elfreth","Democrat",0,0,NA,0
"Maryland","Maryland District 4","Glenn Ivey","Democrat",1,0,0,1
"Maryland","Maryland District 5","Steny H. Hoyer","Democrat",0,0,NA,0
"Maryland","Maryland District 6","April McClain Delaney","Democrat",0,0,NA,0
"Maryland","Maryland District 7","Kweisi Mfume","Democrat",0,0,NA,0
"Maryland","Maryland District 8","Jamie Raskin","Democrat",0,0,NA,0
"Massachusetts","Massachusetts District 1","Richard E. Neal","Democrat",10,30459.26,3045.926,6
"Massachusetts","Massachusetts District 2","James P. McGovern","Democrat",909,5124416.49,5637.42188118812,27
"Massachusetts","Massachusetts District 3","Lori Trahan","Democrat",24,77387.51,3224.47958333333,6
"Massachusetts","Massachusetts District 4","Jake Auchincloss","Democrat",450,2381866.7,5293.03711111111,15
"Massachusetts","Massachusetts District 5","Katherine M. Clark","Democrat",0,0,NA,0
"Massachusetts","Massachusetts District 6","Seth Moulton","Democrat",1,0,0,1
"Massachusetts","Massachusetts District 7","Ayanna Pressley","Democrat",0,0,NA,0
"Massachusetts","Massachusetts District 8","Stephen F. Lynch","Democrat",2,4181.24,2090.62,2
"Massachusetts","Massachusetts District 9","William R. Keating","Democrat",25,53345.12,2133.8048,10
"Michigan","Michigan District 1","Jack Bergman","Republican",0,0,NA,0
"Michigan","Michigan District 2","John R. Moolenaar","Republican",203,59039.6,290.835467980296,21
"Michigan","Michigan District 3","Hillary J. Scholten","Democrat",711,328013.61,461.341223628692,19
"Michigan","Michigan District 4","Bill Huizenga","Republican",1,0,0,1
"Michigan","Michigan District 5","Tim Walberg","Republican",1242,3354291.24,2700.71758454106,16
"Michigan","Michigan District 6","Debbie Dingell","Democrat",4852,9228781.23,1902.05713726298,29
"Michigan","Michigan District 7","Tom Barrett","Republican",2185,1985779.78,908.823697940503,44
"Michigan","Michigan District 8","Kristen McDonald Rivet","Democrat",1,0,0,1
"Michigan","Michigan District 9","Lisa C. McClain","Republican",1676,2764702.97,1649.58411097852,30
"Michigan","Michigan District 10","John James","Republican",12649,25214907.94,1993.4309384141,26
"Michigan","Michigan District 11","Haley M. Stevens","Democrat",8331,16405043.56,1969.15659104549,38
"Michigan","Michigan District 12","Rashida Tlaib","Democrat",95272,258982648.15,2718.35007294903,24
"Michigan","Michigan District 13","Shri Thanedar","Democrat",119691,317997724.44,2656.822354563,38
"Minnesota","Minnesota District 1","Brad Finstad","Republican",2189,8863118.97,4048.93511649155,101
"Minnesota","Minnesota District 2","Angie Craig","Democrat",250,1587782.39,6351.12956,13
"Minnesota","Minnesota District 3","Kelly Morrison","Democrat",0,0,NA,0
"Minnesota","Minnesota District 4","Betty McCollum","Democrat",0,0,NA,0
"Minnesota","Minnesota District 5","Ilhan Omar","Democrat",2,0,0,2
"Minnesota","Minnesota District 6","Tom Emmer","Republican",0,0,NA,0
"Minnesota","Minnesota District 7","Michelle Fischbach","Republican",557,2258198.65,4054.21660682226,17
"Minnesota","Minnesota District 8","Pete Stauber","Republican",1275,4455972.84,3494.88065882353,69
"Mississippi","Mississippi District 1","Trent Kelly","Republican",2217,3899877.82,1759.07885430762,20
"Mississippi","Mississippi District 2","Bennie G. Thompson","Democrat",21298,41524637.83,1949.69658324725,77
"Mississippi","Mississippi District 3","Michael Guest","Republican",14764,60783776.87,4117.026339068,55
"Mississippi","Mississippi District 4","Mike Ezell","Republican",5175,10104259.2,1952.51385507246,31
"Missouri","Missouri District 1","Wesley Bell","Democrat",38619,101832989.67,2636.86241668609,40
"Missouri","Missouri District 2","Ann Wagner","Republican",3169,3173891.44,1001.54352792679,48
"Missouri","Missouri District 3","Robert F. Onder, Jr.","Republican",2226,4323336.41,1942.19964510332,47
"Missouri","Missouri District 4","Mark Alford","Republican",273,165444.88,606.025201465201,73
"Missouri","Missouri District 5","Emanuel Cleaver","Democrat",209,0,0,34
"Missouri","Missouri District 6","Sam Graves","Republican",134,0,0,62
"Missouri","Missouri District 7","Eric Burlison","Republican",363,371072.03,1022.23699724518,54
"Missouri","Missouri District 8","Jason Smith","Republican",3990,10697690.27,2681.12538095238,140
"Montana","Montana District 1","Ryan K. Zinke","Republican",6,14114.91,2352.485,5
"Montana","Montana District 2","Troy Downing","Republican",1729,22008510.06,12729.0399421631,43
"Nebraska","Nebraska District 1","Mike Flood","Republican",0,0,NA,0
"Nebraska","Nebraska District 2","Don Bacon","Republican",707,798350.31,1129.2083592645,30
"Nebraska","Nebraska District 3","Adrian Smith","Republican",226,166364.5,736.12610619469,5
"Nevada","Nevada District 1","Dina Titus","Democrat",0,0,NA,0
"Nevada","Nevada District 2","Mark E. Amodei","Republican",0,0,NA,0
"Nevada","Nevada District 3","Susie Lee","Democrat",0,0,NA,0
"Nevada","Nevada District 4","Steven Horsford","Democrat",0,0,NA,0
"New Hampshire","New Hampshire District 1","Chris Pappas","Democrat",0,0,NA,0
"New Hampshire","New Hampshire District 2","Maggie Goodlander","Democrat",0,0,NA,0
"New Jersey","New Jersey District 1","Donald Norcross","Democrat",873,426233.26,488.239702176403,19
"New Jersey","New Jersey District 2","Jefferson Van Drew","Republican",488,72219.6,147.990983606557,14
"New Jersey","New Jersey District 3","Herbert C. Conaway, Jr.","Democrat",667,677650.23,1015.96736131934,9
"New Jersey","New Jersey District 4","Christopher H. Smith","Republican",9,3100,344.444444444444,5
"New Jersey","New Jersey District 5","Josh Gottheimer","Democrat",7798,22949561.59,2943.00610284688,48
"New Jersey","New Jersey District 6","Frank Pallone, Jr.","Democrat",6798,20962192.37,3083.58228449544,28
"New Jersey","New Jersey District 7","Thomas H. Kean, Jr.","Republican",10270,35292880.96,3436.50252775073,73
"New Jersey","New Jersey District 8","Robert Menendez","Democrat",11500,37898071.2,3295.48445217391,19
"New Jersey","New Jersey District 9","Nellie Pou","Democrat",12024,33216224.93,2762.49375665336,42
"New Jersey","New Jersey District 10","LaMonica McIver","Democrat",15190,47124112.37,3102.31154509546,23
"New Jersey","New Jersey District 11",NA,NA,8582,25115605.38,2926.54455604754,50
"New Jersey","New Jersey District 12","Bonnie Watson Coleman","Democrat",9748,31581807.76,3239.82434961018,40
"New Mexico","New Mexico District 1","Melanie A. Stansbury","Democrat",4397,20746452.53,4718.31988401183,34
"New Mexico","New Mexico District 2","Gabe Vasquez","Democrat",614,3785955.9,6166.05195439739,46
"New Mexico","New Mexico District 3","Teresa Leger Fernandez","Democrat",6147,23681599.93,3852.54594598991,76
"New York","New York District 1","Nick LaLota","Republican",2693,3305959.63,1227.61219086521,57
"New York","New York District 2","Andrew R. Garbarino","Republican",2078,601903.74,289.65531280077,42
"New York","New York District 3","Thomas R. Suozzi","Democrat",4998,13127935.28,2626.63771108443,43
"New York","New York District 4","Laura Gillen","Democrat",2442,1966505.14,805.28466011466,31
"New York","New York District 5","Gregory W. Meeks","Democrat",4894,9852723.86,2013.2251450756,22
"New York","New York District 6","Grace Meng","Democrat",10608,35939372.98,3387.94994155354,16
"New York","New York District 7","Nydia M. Velázquez","Democrat",4240,8961244.72,2113.50111320755,13
"New York","New York District 8","Hakeem S. Jeffries","Democrat",6900,14401718.2,2087.20553623188,11
"New York","New York District 9","Yvette D. Clarke","Democrat",4842,11955682.6,2469.16204047914,9
"New York","New York District 10","Daniel S. Goldman","Democrat",1943,3430896.38,1765.77271230057,12
"New York","New York District 11","Nicole Malliotakis","Republican",8201,24640908.13,3004.62237897817,16
"New York","New York District 12","Jerrold Nadler","Democrat",5,8825.49,1765.098,5
"New York","New York District 13","Adriano Espaillat","Democrat",718,518313.81,721.885529247911,7
"New York","New York District 14","Alexandria Ocasio-Cortez","Democrat",9388,28054362.42,2988.32151896038,17
"New York","New York District 15","Ritchie Torres","Democrat",5936,10675594.37,1798.44918632075,13
"New York","New York District 16","George Latimer","Democrat",13507,47392937.65,3508.76861257126,36
"New York","New York District 17","Michael Lawler","Republican",3065,6020032.8,1964.12163132137,64
"New York","New York District 18","Patrick Ryan","Democrat",1522,3652344.7,2399.70085413929,61
"New York","New York District 19","Josh Riley","Democrat",7,11069.5,1581.35714285714,6
"New York","New York District 20","Paul Tonko","Democrat",1,0,0,1
"New York","New York District 21","Elise M. Stefanik","Republican",129,1251737.88,9703.39441860465,12
"New York","New York District 22","John W. Mannion","Democrat",6,500,83.3333333333333,5
"New York","New York District 23","Nicholas A. Langworthy","Republican",4,1000,250,4
"New York","New York District 24","Claudia Tenney","Republican",4,0,0,4
"New York","New York District 25","Joseph D. Morelle","Democrat",4,0,0,4
"New York","New York District 26","Timothy M. Kennedy","Democrat",3,1000,333.333333333333,3
"North Carolina","North Carolina District 1","Donald G. Davis","Democrat",890,271330.78,304.86604494382,77
"North Carolina","North Carolina District 2","Deborah K. Ross","Democrat",162,4200,25.9259259259259,18
"North Carolina","North Carolina District 3","Gregory F. Murphy","Republican",360,2100,5.83333333333333,59
"North Carolina","North Carolina District 4","Valerie P. Foushee","Democrat",103,8400,81.5533980582524,19
"North Carolina","North Carolina District 5","Virginia Foxx","Republican",24275,57106624.7,2352.48711431514,69
"North Carolina","North Carolina District 6","Addison P. McDowell","Republican",1424,1595444.15,1120.39617275281,27
"North Carolina","North Carolina District 7","David Rouzer","Republican",261,4800,18.3908045977011,46
"North Carolina","North Carolina District 8","Mark Harris","Republican",3268,1606373.91,491.546484088127,41
"North Carolina","North Carolina District 9","Richard Hudson","Republican",180,18150,100.833333333333,31
"North Carolina","North Carolina District 10","Pat Harrigan","Republican",10668,9403376.29,881.456345144357,38
"North Carolina","North Carolina District 11","Chuck Edwards","Republican",172073,427619254.66,2485.10373306678,89
"North Carolina","North Carolina District 12","Alma S. Adams","Democrat",12231,5105239.13,417.401613114218,17
"North Carolina","North Carolina District 13","Brad Knott","Republican",277,196796.66,710.45725631769,36
"North Carolina","North Carolina District 14","Tim Moore","Republican",57832,62893594.51,1087.52238397427,55
"North Dakota","North Dakota At-Large","Julie Fedorchak","Republican",2,1050,525,2
"Ohio","Ohio District 1","Greg Landsman","Democrat",1,0,0,1
"Ohio","Ohio District 2","David J. Taylor","Republican",0,0,NA,0
"Ohio","Ohio District 3","Joyce Beatty","Democrat",4,0,0,2
"Ohio","Ohio District 4","Jim Jordan","Republican",964,3333921.64,3458.42493775934,34
"Ohio","Ohio District 5","Robert E. Latta","Republican",88,156026.77,1773.03147727273,13
"Ohio","Ohio District 6","Michael A. Rulli","Republican",1,1000,1000,1
"Ohio","Ohio District 7","Max L. Miller","Republican",0,0,NA,0
"Ohio","Ohio District 8","Warren Davidson","Republican",66,19653.64,297.782424242424,7
"Ohio","Ohio District 9","Marcy Kaptur","Democrat",1,0,0,1
"Ohio","Ohio District 10","Michael R. Turner","Republican",0,0,NA,0
"Ohio","Ohio District 11","Shontel M. Brown","Democrat",1,0,0,1
"Ohio","Ohio District 12","Troy Balderson","Republican",197,200662.12,1018.58944162437,11
"Ohio","Ohio District 13","Emilia Strong Sykes","Democrat",2,700,350,2
"Ohio","Ohio District 14","David P. Joyce","Republican",1,0,0,1
"Ohio","Ohio District 15","Mike Carey","Republican",22,37756.65,1716.21136363636,6
"Oklahoma","Oklahoma District 1","Kevin Hern","Republican",2146,1100674.98,512.896076421249,37
"Oklahoma","Oklahoma District 2","Josh Brecheen","Republican",4298,9103063.94,2117.97671940438,120
"Oklahoma","Oklahoma District 3","Frank D. Lucas","Republican",2534,8326634.56,3285.96470402526,87
"Oklahoma","Oklahoma District 4","Tom Cole","Republican",3057,8137045.55,2661.77479555119,70
"Oklahoma","Oklahoma District 5","Stephanie I. Bice","Republican",4742,7659545.4,1615.25630535639,63
"Oregon","Oregon District 1","Suzanne Bonamici","Democrat",0,0,NA,0
"Oregon","Oregon District 2","Cliff Bentz","Republican",0,0,NA,0
"Oregon","Oregon District 3","Maxine Dexter","Democrat",0,0,NA,0
"Oregon","Oregon District 4","Val T. Hoyle","Democrat",0,0,NA,0
"Oregon","Oregon District 5","Janelle S. Bynum","Democrat",0,0,NA,0
"Oregon","Oregon District 6","Andrea Salinas","Democrat",0,0,NA,0
"Pennsylvania","Pennsylvania District 1","Brian K. Fitzpatrick","Republican",3444,5280835.35,1533.34359756098,57
"Pennsylvania","Pennsylvania District 2","Brendan F. Boyle","Democrat",18962,30980182.26,1633.80351545196,21
"Pennsylvania","Pennsylvania District 3","Dwight Evans","Democrat",31574,53846611.06,1705.40986444543,21
"Pennsylvania","Pennsylvania District 4","Madeleine Dean","Democrat",4694,10195898.75,2172.11306987644,41
"Pennsylvania","Pennsylvania District 5","Mary Gay Scanlon","Democrat",12950,19391121.6,1497.38390733591,44
"Pennsylvania","Pennsylvania District 6","Chrissy Houlahan","Democrat",2844,4910801.55,1726.72347046414,33
"Pennsylvania","Pennsylvania District 7","Ryan Mackenzie","Republican",541,362951.13,670.889334565619,24
"Pennsylvania","Pennsylvania District 8","Robert P. Bresnahan, Jr.","Republican",3,4134,1378,3
"Pennsylvania","Pennsylvania District 9","Daniel Meuser","Republican",172,539082.95,3134.20319767442,6
"Pennsylvania","Pennsylvania District 10","Scott Perry","Republican",1489,1881032.12,1263.28550705171,15
"Pennsylvania","Pennsylvania District 11","Lloyd Smucker","Republican",1362,1003977.61,737.134809104258,23
"Pennsylvania","Pennsylvania District 12","Summer L. Lee","Democrat",2,700,350,2
"Pennsylvania","Pennsylvania District 13","John Joyce","Republican",385,774718.39,2012.25555844156,28
"Pennsylvania","Pennsylvania District 14","Guy Reschenthaler","Republican",3,1934.82,644.94,3
"Pennsylvania","Pennsylvania District 15","Glenn Thompson","Republican",993,7323356.68,7374.98155085599,41
"Pennsylvania","Pennsylvania District 16","Mike Kelly","Republican",4,3910,977.5,3
"Pennsylvania","Pennsylvania District 17","Christopher R. Deluzio","Democrat",2,1750,875,2
"Rhode Island","Rhode Island District 1","Gabe Amo","Democrat",2080,7308518.52,3513.71082692308,18
"Rhode Island","Rhode Island District 2","Seth Magaziner","Democrat",4029,15430919.5,3829.96264581782,43
"South Carolina","South Carolina District 1","Nancy Mace","Republican",6451,6386631.61,990.021951635405,37
"South Carolina","South Carolina District 2","Joe Wilson","Republican",71250,52751512.13,740.372100070176,49
"South Carolina","South Carolina District 3","Sheri Biggs","Republican",144214,107351015.76,744.386923322285,76
"South Carolina","South Carolina District 4","William R. Timmons IV","Republican",152479,109025127.17,715.017328091081,43
"South Carolina","South Carolina District 5","Ralph Norman","Republican",42291,30617737.87,723.977628100542,55
"South Carolina","South Carolina District 6","James E. Clyburn","Democrat",30379,27562521.89,907.288649725139,76
"South Carolina","South Carolina District 7","Russell Fry","Republican",3662,2461673.86,672.221152375751,41
"South Dakota","South Dakota At-Large","Dusty Johnson","Republican",1952,13608607.38,6971.62263319672,38
"Tennessee","Tennessee District 1","Diana Harshbarger","Republican",15010,40222021.66,2679.68165622918,50
"Tennessee","Tennessee District 2","Tim Burchett","Republican",2,4338.88,2169.44,2
"Tennessee","Tennessee District 3","Charles J. ""Chuck"" Fleischmann","Republican",2,0,0,2
"Tennessee","Tennessee District 4","Scott DesJarlais","Republican",161,144612.1,898.211801242236,14
"Tennessee","Tennessee District 5","Andrew Ogles","Republican",1376,2030744.24,1475.83156976744,20
"Tennessee","Tennessee District 6","John W. Rose","Republican",1789,1474725.37,824.329441028508,24
"Tennessee","Tennessee District 7","Matt Van Epps","Republican",6386,14458066.27,2264.02541027247,54
"Tennessee","Tennessee District 8","David Kustoff","Republican",3257,11016483.15,3382.40194964691,75
"Tennessee","Tennessee District 9","Steve Cohen","Democrat",62,107933.57,1740.86403225806,7
"Texas","Texas District 1","Nathaniel Moran","Republican",19068,21649100.46,1135.36293580868,68
"Texas","Texas District 2","Dan Crenshaw","Republican",168708,143968986.59,853.361942468644,21
"Texas","Texas District 3","Keith Self","Republican",8027,3385783.15,421.799321041485,27
"Texas","Texas District 4","Pat Fallon","Republican",9415,4421204.57,469.59156346256,61
"Texas","Texas District 5","Lance Gooden","Republican",23247,28594904.06,1230.04706241666,45
"Texas","Texas District 6","Jake Ellzey","Republican",14554,14285951.56,981.582490037104,70
"Texas","Texas District 7","Lizzie Fletcher","Democrat",120622,72543483.79,601.411714198073,17
"Texas","Texas District 8","Morgan Luttrell","Republican",157864,136297054.17,863.38274825166,35
"Texas","Texas District 9","Al Green","Democrat",198739,160323596.36,806.704252109551,25
"Texas","Texas District 10","Michael T. McCaul","Republican",13614,12970816.51,952.755730130748,67
"Texas","Texas District 11","August Pfluger","Republican",8776,20478622.18,2333.48019371012,55
"Texas","Texas District 12","Craig A. Goldman","Republican",10507,5018810.46,477.663506233939,27
"Texas","Texas District 13","Ronny Jackson","Republican",3561,1865884.69,523.977728166245,31
"Texas","Texas District 14","Randy K. Weber, Sr.","Republican",113717,105618299.53,928.781972176544,45
"Texas","Texas District 15","Monica De La Cruz","Republican",10539,36365544.47,3450.56878925894,43
"Texas","Texas District 16","Veronica Escobar","Democrat",2,1050,525,2
"Texas","Texas District 17","Pete Sessions","Republican",21736,26781599.03,1232.13098224144,90
"Texas","Texas District 18","Christian D. Menefee","Democrat",170709,155383406.61,910.223869918985,22
"Texas","Texas District 19","Jodey C. Arrington","Republican",4482,8054867.73,1797.15924364123,55
"Texas","Texas District 20","Joaquin Castro","Democrat",4416,2019818.61,457.386460597826,12
"Texas","Texas District 21","Chip Roy","Republican",9327,13003489.97,1394.17711697223,47
"Texas","Texas District 22","Troy E. Nehls","Republican",103047,83519580.18,810.499870738595,41
"Texas","Texas District 23","Tony Gonzales","Republican",5513,2711016.26,491.74972972973,37
"Texas","Texas District 24","Beth Van Duyne","Republican",9678,3590282.46,370.973595784253,27
"Texas","Texas District 25","Roger Williams","Republican",8845,5325265.19,602.06502996043,51
"Texas","Texas District 26","Brandon Gill","Republican",8180,7932324.93,969.72187408313,28
"Texas","Texas District 27","Michael Cloud","Republican",16062,9098088.42,566.435588345163,91
"Texas","Texas District 28","Henry Cuellar","Democrat",6019,6149962.35,1021.75815750125,51
"Texas","Texas District 29","Sylvia R. Garcia","Democrat",166823,156626362.35,938.877506998435,23
"Texas","Texas District 30","Jasmine Crockett","Democrat",29839,23904123.71,801.103378464426,30
"Texas","Texas District 31","John R. Carter","Republican",17704,22340011.13,1261.86235483507,50
"Texas","Texas District 32","Julie Johnson","Democrat",14190,8673844.02,611.264553911205,16
"Texas","Texas District 33","Marc A. Veasey","Democrat",15417,12481332.07,809.582413569436,25
"Texas","Texas District 34","Vicente Gonzalez","Democrat",15835,74910985.28,4730.72215219451,34
"Texas","Texas District 35","Greg Casar","Democrat",10033,4930751.52,491.453355925446,27
"Texas","Texas District 36","Brian Babin","Republican",123914,124379143.1,1003.75375744468,67
"Texas","Texas District 37","Lloyd Doggett","Democrat",6828,1772534.4,259.597891036907,26
"Texas","Texas District 38","Wesley Hunt","Republican",137267,79164242.94,576.717222201986,19
"Utah","Utah District 1","Blake D. Moore","Republican",0,0,NA,0
"Utah","Utah District 2","Celeste Maloy","Republican",0,0,NA,0
"Utah","Utah District 3","Mike Kennedy","Republican",0,0,NA,0
"Utah","Utah District 4","Burgess Owens","Republican",0,0,NA,0
"Vermont","Vermont At-Large","Becca Balint","Democrat",8619,42352101.69,4913.80690219283,209
"Virginia","Virginia District 1","Robert J. Wittman","Republican",32,2140,66.875,21
"Virginia","Virginia District 2","Jennifer A. Kiggans","Republican",25,1770,70.8,14
"Virginia","Virginia District 3","Robert C. ""Bobby"" Scott","Democrat",45,1070,23.7777777777778,26
"Virginia","Virginia District 4","Jennifer L. McClellan","Democrat",44,3210,72.9545454545455,22
"Virginia","Virginia District 5","John J. McGuire III","Republican",56,87185.89,1556.89089285714,31
"Virginia","Virginia District 6","Ben Cline","Republican",25,1070,42.8,18
"Virginia","Virginia District 7","Eugene Simon Vindman","Democrat",73,1070,14.6575342465753,18
"Virginia","Virginia District 8","Donald S. Beyer, Jr.","Democrat",40,1070,26.75,18
"Virginia","Virginia District 9","H. Morgan Griffith","Republican",9911,19026279.7,1919.71341943295,129
"Virginia","Virginia District 10","Suhas Subramanyam","Democrat",28,1870,66.7857142857143,17
"Virginia","Virginia District 11","James R. Walkinshaw","Democrat",25,0,0,13
"Washington","Washington District 1","Suzan K. DelBene","Democrat",1,0,0,1
"Washington","Washington District 2","Rick Larsen","Democrat",1786,7104525.25,3977.89767637178,31
"Washington","Washington District 3","Marie Gluesenkamp Perez","Democrat",7,300,42.8571428571429,5
"Washington","Washington District 4","Dan Newhouse","Republican",25,726953.54,29078.1416,4
"Washington","Washington District 5","Michael Baumgartner","Republican",581,3606489.02,6207.38213425129,28
"Washington","Washington District 6","Emily Randall","Democrat",135,425229.47,3149.84792592593,12
"Washington","Washington District 7","Pramila Jayapal","Democrat",0,0,NA,0
"Washington","Washington District 8","Kim Schrier","Democrat",5,0,0,5
"Washington","Washington District 9","Adam Smith","Democrat",1,0,0,1
"Washington","Washington District 10","Marilyn Strickland","Democrat",8,0,0,7
"West Virginia","West Virginia District 1","Carol D. Miller","Republican",9801,58492451.9300001,5968.0085634119,330
"West Virginia","West Virginia District 2","Riley M. Moore","Republican",1834,14823547.25,8082.63208833152,45
"Wisconsin","Wisconsin District 1","Bryan Steil","Republican",838,3760336.05,4487.27452267303,7
"Wisconsin","Wisconsin District 2","Mark Pocan","Democrat",0,0,NA,0
"Wisconsin","Wisconsin District 3","Derrick Van Orden","Republican",0,0,NA,0
"Wisconsin","Wisconsin District 4","Gwen Moore","Democrat",39402,171281205.85,4347.01806634181,25
"Wisconsin","Wisconsin District 5","Scott Fitzgerald","Republican",5348,30262306.46,5658.62125280479,36
"Wisconsin","Wisconsin District 6","Glenn Grothman","Republican",9,79868.76,8874.30666666667,2
"Wisconsin","Wisconsin District 7","Thomas P. Tiffany","Republican",0,0,NA,0
"Wisconsin","Wisconsin District 8","Tony Wied","Republican",0,0,NA,0
"Wyoming","Wyoming At-Large","Harriet M. Hageman","Republican",0,0,NA,0
