"state_name","district_label","district_number","representative","party","total_applicants","total_funding","funding_per_applicant","n_zips","disaster_numbers","NAMELSAD","STATEFP"
"Alabama","Alabama District 1",1,"Barry Moore","Republican",502,568276.8,1132.02549800797,30,"4596,4632,4673,4684,4715","Congressional District 1","01"
"Alabama","Alabama District 2",2,"Shomari Figures","Democratic",835,2516723.63,3014.0402754491,20,"4596,4611,4684","Congressional District 2","01"
"Alabama","Alabama District 3",3,"Mike Rogers","Republican",467,1040807.83,2228.71055674518,30,"4596,4632,4673,4684","Congressional District 3","01"
"Alabama","Alabama District 4",4,"Robert Aderholt","Republican",13,14587.29,1122.09923076923,4,"4596,4673,4684","Congressional District 4","01"
"Alabama","Alabama District 5",5,"Dale Strong","Republican",89,65974.3,741.284269662921,9,"4596,4673,4684","Congressional District 5","01"
"Alabama","Alabama District 6",6,"Gary Palmer","Republican",1130,2428168.54,2148.82171681416,41,"4596,4632,4684","Congressional District 6","01"
"Alabama","Alabama District 7",7,"Terri Sewell","Democratic",4436,7457729.78,1681.1834490532,55,"4596,4632,4684,4834","Congressional District 7","01"
"Alaska","Alaska At-Large",0,"Nick Begich III","Republican",1922,13714592.89,7135.58422996878,58,"4671,4672,4715,4730,4763,4836","Congressional District (at Large)","02"
"Arizona","Arizona District 1",1,"David Schweikert","Republican",293,555254.27,1895.06576791809,21,"4668","Congressional District 1","04"
"Arizona","Arizona District 2",2,"Eli Crane","Republican",103,1167720.92,11337.0963106796,26,"4668,4833,4840","Congressional District 2","04"
"Arizona","Arizona District 3",3,"Yassamin Ansari","Democratic",59,0,0,19,"4668","Congressional District 3","04"
"Arizona","Arizona District 4",4,"Greg Stanton","Democratic",99,162832.28,1644.7705050505,14,"4668","Congressional District 4","04"
"Arizona","Arizona District 5",5,"Andy Biggs","Republican",44,0,0,16,"4668","Congressional District 5","04"
"Arizona","Arizona District 6",6,"Juan Ciscomani","Republican",71,0,0,29,"4668","Congressional District 6","04"
"Arizona","Arizona District 7",7,"Raúl Grijalva","Democratic",90,0,0,25,"4668","Congressional District 7","04"
"Arizona","Arizona District 8",8,"Abraham Hamadeh","Republican",34,0,0,15,"4668","Congressional District 8","04"
"Arizona","Arizona District 9",9,"Paul Gosar","Republican",39,0,0,22,"4668","Congressional District 9","04"
"Arkansas","Arkansas District 1",1,"Rick Crawford","Republican",3440,7152649.93,2079.2587005814,76,"4633,4698,4788","Congressional District 1","05"
"Arkansas","Arkansas District 2",2,"French Hill","Republican",7120,5549968.67,779.489981741573,25,"4611,4698","Congressional District 2","05"
"Arkansas","Arkansas District 3",3,"Steve Womack","Republican",5353,5977788.87,1116.71751728003,22,"4586,4788","Congressional District 3","05"
"Arkansas","Arkansas District 4",4,"Bruce Westerman","Republican",124,105726.17,852.630403225806,3,"4586,4698","Congressional District 4","05"
"California","California District 1",1,"Doug LaMalfa","Republican",830,983853.17,1185.36526506024,41,"4610,4683,4699,4707","Congressional District 1","06"
"California","California District 2",2,"Jared Huffman","Democratic",1355,5695668.72,4203.4455498155,37,"4610,4683,4699,4707","Congressional District 2","06"
"California","California District 3",3,"Kevin Kiley","Republican",2898,5865008.3,2023.81238785369,61,"4610,4683,4699,4715","Congressional District 3","06"
"California","California District 4",4,"Mike Thompson","Democratic",1,0,0,1,"4707","Congressional District 4","06"
"California","California District 5",5,"Tom McClintock","Republican",3486,12891612.82,3698.11039013196,59,"4610,4683,4699,4707","Congressional District 5","06"
"California","California District 6",6,"Ami Bera","Democratic",1568,1379633.58,879.868354591837,25,"4683,4707","Congressional District 6","06"
"California","California District 7",7,"Doris Matsui","Democratic",1907,1377012.68,722.083209229156,26,"4683,4707","Congressional District 7","06"
"California","California District 8",8,"John Garamendi","Democratic",521,804247.31,1543.66086372361,15,"4610,4683,4707","Congressional District 8","06"
"California","California District 9",9,"Josh Harder","Democratic",2009,3622851.51,1803.31085614734,26,"4610,4683,4707","Congressional District 9","06"
"California","California District 10",10,"Mark DeSaulnier","Democratic",1159,3053826.23,2634.88026747196,27,"4683,4707","Congressional District 10","06"
"California","California District 11",11,"Nancy Pelosi","Democratic",0,0,NA,0,NA,"Congressional District 11","06"
"California","California District 12",12,"Lateefah Simon","Democratic",1346,3372761.64,2505.766448737,25,"4683","Congressional District 12","06"
"California","California District 13",13,"Adam Gray","Democratic",3392,5493444.04,1619.52949292453,30,"4683,4699","Congressional District 13","06"
"California","California District 14",14,"Eric Swalwell","Democratic",714,2260717.11,3166.27046218487,17,"4610,4683","Congressional District 14","06"
"California","California District 15",15,"Kevin Mullin","Democratic",909,3624530.25,3987.38201320132,16,"4683","Congressional District 15","06"
"California","California District 16",16,"Sam Liccardo","Democratic",777,2695963.79,3469.70886743887,34,"4683,4699,4707","Congressional District 16","06"
"California","California District 17",17,"Ro Khanna","Democratic",114,72964.38,640.038421052632,16,"4683","Congressional District 17","06"
"California","California District 18",18,"Zoe Lofgren","Democratic",4706,13688389.99,2908.71015512112,30,"4683,4699,4707,4715","Congressional District 18","06"
"California","California District 19",19,"Jimmy Panetta","Democratic",6553,26473689.76,4039.934344575,43,"4671,4683,4699,4707","Congressional District 19","06"
"California","California District 20",20,"Vince Fong","Republican",2194,6617712.12,3016.27717411121,38,"4699,4707","Congressional District 20","06"
"California","California District 21",21,"Jim Costa","Democratic",309,531217.02,1719.14893203884,11,"4699,4707","Congressional District 21","06"
"California","California District 22",22,"David Valadao","Republican",706,1292812.43,1831.17907932011,22,"4699,4707","Congressional District 22","06"
"California","California District 23",23,"Jay Obernolte","Republican",2373,3939740.84,1660.23634218289,49,"4610,4683,4699,4707,4856","Congressional District 23","06"
"California","California District 24",24,"Salud Carbajal","Democratic",3702,9396292.46,2538.16652079957,38,"4683,4699,4707","Congressional District 24","06"
"California","California District 25",25,"Raul Ruiz","Democratic",4,0,0,3,"4610,4699","Congressional District 25","06"
"California","California District 26",26,"Julia Brownley","Democratic",1629,1917802.41,1177.28815837937,23,"4610,4683,4699,4856","Congressional District 26","06"
"California","California District 27",27,"George Whitesides","Democratic",2612,78794.25,30.166251914242,19,"4610,4683,4856","Congressional District 27","06"
"California","California District 28",28,"Judy Chu","Democratic",28386,27383429.64,964.68081589516,32,"4699,4856","Congressional District 28","06"
"California","California District 29",29,"Luz Rivas","Democratic",5147,401823.45,78.0694482222654,14,"4856","Congressional District 29","06"
"California","California District 30",30,"Laura Friedman","Democratic",16334,2041838.48,125.005416921758,30,"4856","Congressional District 30","06"
"California","California District 31",31,"Gil Cisneros","Democratic",2010,119827.95,59.615895522388,19,"4707,4856","Congressional District 31","06"
"California","California District 32",32,"Brad Sherman","Democratic",18840,15784252.75,837.805347664544,28,"4683,4699,4856","Congressional District 32","06"
"California","California District 33",33,"Pete Aguilar","Democratic",211,139979.61,663.410473933649,14,"4699,4707","Congressional District 33","06"
"California","California District 34",34,"Jimmy Gomez","Democratic",6930,138051,19.9207792207792,19,"4856","Congressional District 34","06"
"California","California District 35",35,"Norma Torres","Democratic",413,46637.6,112.92397094431,13,"4699,4856","Congressional District 35","06"
"California","California District 36",36,"Ted Lieu","Democratic",5314,515415.92,96.9920812946933,25,"4707,4856","Congressional District 36","06"
"California","California District 37",37,"Sydney Kamlager-Dove","Democratic",10101,95115.64,9.41645777645778,21,"4856","Congressional District 37","06"
"California","California District 38",38,"Linda Sánchez","Democratic",895,31103.41,34.7524134078212,17,"4707,4856","Congressional District 38","06"
"California","California District 39",39,"Mark Takano","Democratic",3,0,0,3,"4610,4699,4707","Congressional District 39","06"
"California","California District 40",40,"Young Kim","Republican",13,7481.61,575.508461538461,2,"4699,4707","Congressional District 40","06"
"California","California District 41",41,"Ken Calvert","Republican",1,0,0,1,"4707","Congressional District 41","06"
"California","California District 42",42,"Robert Garcia","Democratic",2234,28059,12.559982094897,22,"4699,4856","Congressional District 42","06"
"California","California District 43",43,"Maxine Waters","Democratic",5275,107466.62,20.372818957346,22,"4699,4707,4798,4856","Congressional District 43","06"
"California","California District 44",44,"Nanette Barragán","Democratic",1291,25163.54,19.4915104570101,13,"4856","Congressional District 44","06"
"California","California District 45",45,"Derek Tran","Democratic",79,0,0,3,"4707,4856","Congressional District 45","06"
"California","California District 46",46,"Lou Correa","Democratic",0,0,NA,0,NA,"Congressional District 46","06"
"California","California District 47",47,"Dave Min","Democratic",0,0,NA,0,NA,"Congressional District 47","06"
"California","California District 48",48,"Darrell Issa","Republican",718,2247907.69,3130.7906545961,28,"4758","Congressional District 48","06"
"California","California District 49",49,"Mike Levin","Democratic",119,147465.31,1239.20428571429,13,"4610,4758","Congressional District 49","06"
"California","California District 50",50,"Scott Peters","Democratic",787,1472997.1,1871.66086404066,22,"4610,4673,4758","Congressional District 50","06"
"California","California District 51",51,"Sara Jacobs","Democratic",2112,7812361.35,3699.03473011364,17,"4758","Congressional District 51","06"
"California","California District 52",52,"Juan Vargas","Democratic",3875,15584915.42,4021.91365677419,16,"4610,4707,4715,4758","Congressional District 52","06"
"Colorado","Colorado District 1",1,"Diana DeGette","Democratic",0,0,NA,0,NA,"Congressional District 1","08"
"Colorado","Colorado District 2",2,"Joe Neguse","Democratic",3193,2134206.55,668.401675540244,15,"4634,4728","Congressional District 2","08"
"Colorado","Colorado District 3",3,"Jeff Hurd","Republican",0,0,NA,0,NA,"Congressional District 3","08"
"Colorado","Colorado District 4",4,"Lauren Boebert","Republican",0,0,NA,0,NA,"Congressional District 4","08"
"Colorado","Colorado District 5",5,"Jeff Crank","Republican",0,0,NA,0,NA,"Congressional District 5","08"
"Colorado","Colorado District 6",6,"Jason Crow","Democratic",0,0,NA,0,NA,"Congressional District 6","08"
"Colorado","Colorado District 7",7,"Brittany Pettersen","Democratic",1,0,0,1,"4634","Congressional District 7","08"
"Colorado","Colorado District 8",8,"Gabe Evans","Republican",7,500,71.4285714285714,1,"4634","Congressional District 8","08"
"Connecticut","Connecticut District 1",1,"John B. Larson","Democratic",15,1050,70,9,"4629,4820","Congressional District 1","09"
"Connecticut","Connecticut District 2",2,"Joe Courtney","Democratic",225,619140.63,2751.73613333333,24,"4629,4671,4820","Congressional District 2","09"
"Connecticut","Connecticut District 3",3,"Rosa DeLauro","Democratic",635,2110202.39,3323.15337007874,32,"4629,4671,4673,4820","Congressional District 3","09"
"Connecticut","Connecticut District 4",4,"Jim Himes","Democratic",2865,11666138.18,4071.9504991274,36,"4629,4671,4820","Congressional District 4","09"
"Connecticut","Connecticut District 5",5,"Jahana Hayes","Democratic",1273,5627388.54,4420.57230164965,35,"4629,4671,4820","Congressional District 5","09"
"Delaware","Delaware At-Large",0,"Sarah McBride","Democratic",0,0,NA,0,NA,"Congressional District (at Large)","10"
"District of Columbia","District of Columbia District 98",98,NA,NA,0,0,NA,0,NA,"Delegate District (at Large)","11"
"Florida","Florida District 1",1,"Vacant",NA,311,2800,9.0032154340836,36,"4673,4675,4834","Congressional District 1","12"
"Florida","Florida District 2",2,"Neal Dunn","Republican",40187,53276493.75,1325.71462786473,71,"4673,4675,4680,4734,4794,4806,4828,4834","Congressional District 2","12"
"Florida","Florida District 3",3,"Kat Cammack","Republican",81799,105082905.75,1284.64780437414,74,"4671,4673,4675,4680,4734,4806,4828,4834","Congressional District 3","12"
"Florida","Florida District 4",4,"Aaron Bean","Republican",20593,10503726.76,510.062970912446,30,"4673,4675,4680,4734,4806,4828,4834,4844","Congressional District 4","12"
"Florida","Florida District 5",5,"John Rutherford","Republican",10415,3904743.76,374.915387421988,21,"4673,4675,4680,4828,4834","Congressional District 5","12"
"Florida","Florida District 6",6,"Vacant",NA,92505,84781792.08,916.51037327712,57,"4671,4673,4675,4680,4734,4806,4828,4834","Congressional District 6","12"
"Florida","Florida District 7",7,"Cory Mills","Republican",103543,106863318.31,1032.06704760341,27,"4671,4673,4675,4680,4734,4828,4830,4834,4844","Congressional District 7","12"
"Florida","Florida District 8",8,"Mike Haridopolos","Republican",37874,20181113.78,532.848755874743,36,"4673,4675,4680,4834","Congressional District 8","12"
"Florida","Florida District 9",9,"Darren Soto","Democratic",95586,54108685.56,566.073332496391,24,"4673,4675,4734,4828,4834","Congressional District 9","12"
"Florida","Florida District 10",10,"Maxwell Frost","Democratic",96252,60399120.39,627.510289552425,25,"4671,4673,4675,4734,4834,4844","Congressional District 10","12"
"Florida","Florida District 11",11,"Daniel Webster","Republican",66522,27746759.59,417.106514987523,39,"4671,4673,4675,4680,4709,4734,4828,4834,4844","Congressional District 11","12"
"Florida","Florida District 12",12,"Gus Bilirakis","Republican",111587,176284217.99,1579.79171399894,45,"4673,4675,4734,4806,4828,4834","Congressional District 12","12"
"Florida","Florida District 13",13,"Anna Paulina Luna","Republican",232755,273317063.41,1174.26935365513,39,"4671,4673,4675,4734,4806,4828,4834","Congressional District 13","12"
"Florida","Florida District 14",14,"Kathy Castor","Democratic",289122,256506126.15,887.18992726254,29,"4673,4675,4734,4806,4828,4834,4844","Congressional District 14","12"
"Florida","Florida District 15",15,"Laurel Lee","Republican",182609,95073853.19,520.641661637707,29,"4671,4673,4675,4734,4806,4828,4834,4844","Congressional District 15","12"
"Florida","Florida District 16",16,"Vern Buchanan","Republican",241646,202862225.68,839.501691234285,33,"4673,4675,4734,4806,4828,4830,4834,4844","Congressional District 16","12"
"Florida","Florida District 17",17,"Greg Steube","Republican",255141,406585330.02,1593.57112349642,42,"4673,4675,4734,4806,4828,4834,4844","Congressional District 17","12"
"Florida","Florida District 18",18,"Scott Franklin","Republican",155050,113466112.8,731.803371815544,55,"4671,4673,4675,4734,4751,4806,4828,4834","Congressional District 18","12"
"Florida","Florida District 19",19,"Byron Donalds","Republican",210468,457364508.41,2173.08335903795,38,"4671,4673,4675,4734,4828,4834","Congressional District 19","12"
"Florida","Florida District 20",20,"Sheila Cherfilus-McCormick","Democratic",25931,14218057.92,548.303494658902,23,"4673,4675,4709,4828,4834","Congressional District 20","12"
"Florida","Florida District 21",21,"Brian Mast","Republican",24621,11930780.78,484.57742496243,32,"4673,4675,4734,4834,4844","Congressional District 21","12"
"Florida","Florida District 22",22,"Lois Frankel","Democratic",20048,2556095.17,127.498761472466,24,"4671,4673,4675,4834","Congressional District 22","12"
"Florida","Florida District 23",23,"Jared Moskowitz","Democratic",4630,2340348.9,505.474924406047,26,"4673,4675,4709,4828,4834","Congressional District 23","12"
"Florida","Florida District 24",24,"Frederica Wilson","Democratic",849,395492.82,465.83371024735,21,"4673,4675,4709,4734,4834","Congressional District 24","12"
"Florida","Florida District 25",25,"Debbie Wasserman Schultz","Democratic",9454,25402779.67,2686.98748360482,20,"4673,4675,4709,4834","Congressional District 25","12"
"Florida","Florida District 26",26,"Mario Díaz-Balart","Republican",28587,31819702,1113.08293979781,24,"4673,4675,4709,4734,4828,4834","Congressional District 26","12"
"Florida","Florida District 27",27,"María Elvira Salazar","Republican",257,10198.37,39.682373540856,24,"4673,4675,4734,4834,4844","Congressional District 27","12"
"Florida","Florida District 28",28,"Carlos Giménez","Republican",786,333176.94,423.889236641221,25,"4673,4675,4709,4834","Congressional District 28","12"
"Georgia","Georgia District 1",1,"Buddy Carter","Republican",94913,50318415.93,530.153044683025,67,"4738,4821,4830","Congressional District 1","13"
"Georgia","Georgia District 2",2,"Sanford Bishop","Democratic",2022,1095407.63,541.74462413452,14,"4611,4685,4738,4830","Congressional District 2","13"
"Georgia","Georgia District 3",3,"Brian Jack","Republican",5491,4058519.57,739.122121653615,23,"4611,4685,4830","Congressional District 3","13"
"Georgia","Georgia District 4",4,"Hank Johnson","Democratic",803,358953.47,447.015529265255,9,"4611,4671,4685,4830","Congressional District 4","13"
"Georgia","Georgia District 5",5,"Nikema Williams","Democratic",7721,5071339.19,656.824140655355,28,"4685,4798,4830","Congressional District 5","13"
"Georgia","Georgia District 6",6,"Lucy McBath","Democratic",252,132974.7,527.677380952381,6,"4830","Congressional District 6","13"
"Georgia","Georgia District 7",7,"Rich McCormick","Republican",76,25448.32,334.846315789474,6,"4673,4830","Congressional District 7","13"
"Georgia","Georgia District 8",8,"Austin Scott","Republican",93577,84645604.24,904.555651923015,75,"4685,4734,4738,4830,4834","Congressional District 8","13"
"Georgia","Georgia District 9",9,"Andrew Clyde","Republican",463,277933.87,600.289136069114,14,"4675,4829,4830","Congressional District 9","13"
"Georgia","Georgia District 10",10,"Mike Collins","Republican",5751,3081128.99,535.755345157364,22,"4685,4830","Congressional District 10","13"
"Georgia","Georgia District 11",11,"Barry Loudermilk","Republican",3,300,100,3,"4830","Congressional District 11","13"
"Georgia","Georgia District 12",12,"Rick Allen","Republican",202282,155763845.93,770.033151392611,93,"4821,4829,4830","Congressional District 12","13"
"Georgia","Georgia District 13",13,"David Scott","Democratic",2207,1034640.98,468.799719075668,9,"4685,4830","Congressional District 13","13"
"Georgia","Georgia District 14",14,"Marjorie Taylor Greene","Republican",1,0,0,1,"4671","Congressional District 14","13"
"Hawaii","Hawaii District 1",1,"Ed Case","Democratic",30,4500,150,13,"4715,4724","Congressional District 1","15"
"Hawaii","Hawaii District 2",2,"Jill Tokuda","Democratic",17368,65669264.05,3781.04928892216,27,"4724","Congressional District 2","15"
"Idaho","Idaho District 1",1,"Russ Fulcher","Republican",0,0,NA,0,NA,"Congressional District 1","16"
"Idaho","Idaho District 2",2,"Mike Simpson","Republican",0,0,NA,0,NA,"Congressional District 2","16"
"Illinois","Illinois District 1",1,"Jonathan Jackson","Democratic",34977,75820637.42,2167.72843354204,21,"4728,4749,4819","Congressional District 1","17"
"Illinois","Illinois District 2",2,"Robin Kelly","Democratic",73863,201414967.62,2726.87228544738,29,"4673,4728,4749,4819","Congressional District 2","17"
"Illinois","Illinois District 3",3,"Delia Ramirez","Democratic",13177,53731732.44,4077.69085831373,10,"4671,4728,4749,4819","Congressional District 3","17"
"Illinois","Illinois District 4",4,"Chuy García","Democratic",20682,76589995.57,3703.21997727493,19,"4728,4749,4819","Congressional District 4","17"
"Illinois","Illinois District 5",5,"Mike Quigley","Democratic",1709,3926352.98,2297.45639555295,18,"4728,4749,4819","Congressional District 5","17"
"Illinois","Illinois District 6",6,"Sean Casten","Democratic",4246,10160583.3,2392.97769665568,25,"4728,4749,4819","Congressional District 6","17"
"Illinois","Illinois District 7",7,"Danny Davis","Democratic",22016,68619976.8,3116.82307412791,29,"4728,4749,4819","Congressional District 7","17"
"Illinois","Illinois District 8",8,"Raja Krishnamoorthi","Democratic",304,425378.52,1399.27144736842,11,"4728,4749,4819","Congressional District 8","17"
"Illinois","Illinois District 9",9,"Jan Schakowsky","Democratic",1006,2068357.9,2056.0217693837,18,"4728,4749,4819","Congressional District 9","17"
"Illinois","Illinois District 10",10,"Brad Schneider","Democratic",66,43342.44,656.703636363636,5,"4728,4749,4819","Congressional District 10","17"
"Illinois","Illinois District 11",11,"Bill Foster","Democratic",282,632594.54,2243.24304964539,7,"4728,4749,4819","Congressional District 11","17"
"Illinois","Illinois District 12",12,"Mike Bost","Republican",3788,9633478.28,2543.15688489968,29,"4676,4819","Congressional District 12","17"
"Illinois","Illinois District 13",13,"Nikki Budzinski","Democratic",15187,50012102.05,3293.08632712188,14,"4676,4819","Congressional District 13","17"
"Illinois","Illinois District 14",14,"Lauren Underwood","Democratic",1853,2111548.54,1139.52970318403,15,"4728,4819","Congressional District 14","17"
"Illinois","Illinois District 15",15,"Mary Miller","Republican",60,248270.24,4137.83733333333,8,"4676,4819","Congressional District 15","17"
"Illinois","Illinois District 16",16,"Darin LaHood","Republican",1658,2534558.98,1528.68454764777,21,"4819","Congressional District 16","17"
"Illinois","Illinois District 17",17,"Eric Sorensen","Democratic",1891,4043761.05,2138.42466948704,21,"4819","Congressional District 17","17"
"Indiana","Indiana District 1",1,"Frank J. Mrvan","Democratic",832,417805.58,502.170168269231,25,"4671,4704","Congressional District 1","18"
"Indiana","Indiana District 2",2,"Rudy Yakym","Republican",0,0,NA,0,NA,"Congressional District 2","18"
"Indiana","Indiana District 3",3,"Marlin Stutzman","Republican",331,267549.54,808.306767371601,24,"4704","Congressional District 3","18"
"Indiana","Indiana District 4",4,"Jim Baird","Republican",424,263568.64,621.624150943396,26,"4704","Congressional District 4","18"
"Indiana","Indiana District 5",5,"Victoria Spartz","Republican",223,227137.48,1018.55372197309,12,"4586,4704","Congressional District 5","18"
"Indiana","Indiana District 6",6,"Jefferson Shreve","Republican",320,119848.63,374.52696875,9,"4704","Congressional District 6","18"
"Indiana","Indiana District 7",7,"André Carson","Democratic",1,225.33,225.33,1,"4704","Congressional District 7","18"
"Indiana","Indiana District 8",8,"Mark Messmer","Republican",330,1328447.7,4025.59909090909,13,"4704","Congressional District 8","18"
"Indiana","Indiana District 9",9,"Erin Houchin","Republican",50,11491.09,229.8218,9,"4614,4704","Congressional District 9","18"
"Iowa","Iowa District 1",1,"Mariannette Miller-Meeks","Republican",494,1770732.17,3584.47807692308,28,"4784,4796","Congressional District 1","19"
"Iowa","Iowa District 2",2,"Ashley Hinson","Republican",1,300,300,1,"4784","Congressional District 2","19"
"Iowa","Iowa District 3",3,"Zach Nunn","Republican",1674,2544164.7,1519.81164874552,61,"4779,4784","Congressional District 3","19"
"Iowa","Iowa District 4",4,"Randy Feenstra","Republican",7981,66124730.86,8285.26887106879,149,"4671,4778,4779,4784,4796,4807","Congressional District 4","19"
"Kansas","Kansas District 1",1,"Tracey Mann","Republican",1,0,0,1,"4671","Congressional District 1","20"
"Kansas","Kansas District 2",2,"Derek Schmidt","Republican",4,1586.25,396.5625,4,"4671,4728,4749","Congressional District 2","20"
"Kansas","Kansas District 3",3,"Sharice Davids","Democratic",2,700,350,2,"4671","Congressional District 3","20"
"Kansas","Kansas District 4",4,"Ron Estes","Republican",0,0,NA,0,NA,"Congressional District 4","20"
"Kentucky","Kentucky District 1",1,"James Comer","Republican",10462,14349470.83,1371.5800831581,78,"4595,4630,4663,4671,4782,4804","Congressional District 1","21"
"Kentucky","Kentucky District 2",2,"Brett Guthrie","Republican",5733,4295059.8,749.18189429618,56,"4595,4607,4611,4630,4663,4782,4804","Congressional District 2","21"
"Kentucky","Kentucky District 3",3,"Morgan McGarvey","Democratic",438,778263.88,1776.85817351598,29,"4607,4630,4663,4782","Congressional District 3","21"
"Kentucky","Kentucky District 4",4,"Thomas Massie","Republican",426,1457426.97,3421.19007042253,34,"4595,4630,4663,4782,4804","Congressional District 4","21"
"Kentucky","Kentucky District 5",5,"Hal Rogers","Republican",18798,120014905.77,6384.45078040217,258,"4595,4630,4663,4671,4782,4804","Congressional District 5","21"
"Kentucky","Kentucky District 6",6,"Andy Barr","Republican",694,2027426.31,2921.36355907781,36,"4595,4611,4630,4663,4782","Congressional District 6","21"
"Louisiana","Louisiana District 1",1,"Steve Scalise","Republican",283512,504983695.18,1781.17220851322,57,"4611,4798,4817,9807","Congressional District 1","22"
"Louisiana","Louisiana District 2",2,"Troy Carter","Democratic",280322,437065317.51,1559.15453482067,58,"4590,4606,4611,4798,4817,9807","Congressional District 2","22"
"Louisiana","Louisiana District 3",3,"Clay Higgins","Republican",28220,27196268.38,963.723188518781,51,"4590,4606,4611,4817,4856,9807","Congressional District 3","22"
"Louisiana","Louisiana District 4",4,"Mike Johnson","Republican",7500,5679144.17,757.219222666666,100,"4590,4606,4611,9807","Congressional District 4","22"
"Louisiana","Louisiana District 5",5,"Julia Letlow","Republican",60875,99197790.13,1629.53248673511,116,"4590,4606,4611,4671,4798,9807","Congressional District 5","22"
"Louisiana","Louisiana District 6",6,"Cleo Fields","Democratic",207034,261739639.27,1264.23504965368,58,"4590,4606,4611,4798,4817,9807","Congressional District 6","22"
"Maine","Maine District 1",1,"Chellie Pingree","Democratic",1838,4045850.04,2201.22417845484,120,"4671,4754,4764","Congressional District 1","23"
"Maine","Maine District 2",2,"Jared Golden","Democratic",2961,7823254.8,2642.09888551165,173,"4754,4764","Congressional District 2","23"
"Maryland","Maryland District 1",1,"Andy Harris","Republican",0,0,NA,0,NA,"Congressional District 1","24"
"Maryland","Maryland District 2",2,"Johnny Olszewski","Democratic",0,0,NA,0,NA,"Congressional District 2","24"
"Maryland","Maryland District 3",3,"Sarah Elfreth","Democratic",0,0,NA,0,NA,"Congressional District 3","24"
"Maryland","Maryland District 4",4,"Glenn Ivey","Democratic",1,0,0,1,"4611","Congressional District 4","24"
"Maryland","Maryland District 5",5,"Steny Hoyer","Democratic",0,0,NA,0,NA,"Congressional District 5","24"
"Maryland","Maryland District 6",6,"April McClain Delaney","Democratic",0,0,NA,0,NA,"Congressional District 6","24"
"Maryland","Maryland District 7",7,"Kweisi Mfume","Democratic",0,0,NA,0,NA,"Congressional District 7","24"
"Maryland","Maryland District 8",8,"Jamie Raskin","Democratic",1,0,0,1,"4827","Congressional District 8","24"
"Massachusetts","Massachusetts District 1",1,"Richard Neal","Democratic",10,30459.26,3045.926,6,"4720,4780","Congressional District 1","25"
"Massachusetts","Massachusetts District 2",2,"Jim McGovern","Democratic",909,5082759.61,5591.59473047305,27,"4671,4780","Congressional District 2","25"
"Massachusetts","Massachusetts District 3",3,"Lori Trahan","Democratic",24,77387.51,3224.47958333333,6,"4780","Congressional District 3","25"
"Massachusetts","Massachusetts District 4",4,"Jake Auchincloss","Democratic",450,2375394.85,5278.65522222222,15,"4780","Congressional District 4","25"
"Massachusetts","Massachusetts District 5",5,"Katherine Clark","Democratic",0,0,NA,0,NA,"Congressional District 5","25"
"Massachusetts","Massachusetts District 6",6,"Seth Moulton","Democratic",1,0,0,1,"4671","Congressional District 6","25"
"Massachusetts","Massachusetts District 7",7,"Ayanna Pressley","Democratic",0,0,NA,0,NA,"Congressional District 7","25"
"Massachusetts","Massachusetts District 8",8,"Stephen F. Lynch","Democratic",2,4181.24,2090.62,2,"4780","Congressional District 8","25"
"Massachusetts","Massachusetts District 9",9,"Bill Keating","Democratic",25,53345.12,2133.8048,10,"4671,4780","Congressional District 9","25"
"Michigan","Michigan District 1",1,"Jack Bergman","Republican",0,0,NA,0,NA,"Congressional District 1","26"
"Michigan","Michigan District 2",2,"John Moolenaar","Republican",203,59039.6,290.835467980296,21,"4607,4757","Congressional District 2","26"
"Michigan","Michigan District 3",3,"Hillary Scholten","Democratic",711,328013.61,461.341223628692,19,"4757","Congressional District 3","26"
"Michigan","Michigan District 4",4,"Bill Huizenga","Republican",1,0,0,1,"4607","Congressional District 4","26"
"Michigan","Michigan District 5",5,"Tim Walberg","Republican",1242,3343281.92,2691.85339774557,16,"4607,4663,4757","Congressional District 5","26"
"Michigan","Michigan District 6",6,"Debbie Dingell","Democratic",4852,9198931.14,1895.90501648805,29,"4607,4757","Congressional District 6","26"
"Michigan","Michigan District 7",7,"Tom Barrett","Republican",2185,1975172.37,903.96904805492,44,"4607,4757","Congressional District 7","26"
"Michigan","Michigan District 8",8,"Kristen McDonald Rivet","Democratic",1,0,0,1,"4607","Congressional District 8","26"
"Michigan","Michigan District 9",9,"Lisa McClain","Republican",1676,2748176.97,1639.72372911695,30,"4607,4757","Congressional District 9","26"
"Michigan","Michigan District 10",10,"John James","Republican",12648,24822425.29,1962.55734424415,26,"4607,4757","Congressional District 10","26"
"Michigan","Michigan District 11",11,"Haley Stevens","Democratic",8331,16246135.03,1950.08222662345,38,"4607,4757","Congressional District 11","26"
"Michigan","Michigan District 12",12,"Rashida Tlaib","Democratic",95262,256510289.71,2692.68217872814,24,"4607,4757","Congressional District 12","26"
"Michigan","Michigan District 13",13,"Shri Thanedar","Democratic",119684,314648235.05,2628.99163672671,38,"4607,4757","Congressional District 13","26"
"Minnesota","Minnesota District 1",1,"Brad Finstad","Republican",2189,8303764.57,3793.40546825034,101,"4671,4797","Congressional District 1","27"
"Minnesota","Minnesota District 2",2,"Angie Craig","Democratic",249,1530201.13,6145.38606425703,12,"4797","Congressional District 2","27"
"Minnesota","Minnesota District 3",3,"Kelly Morrison","Democratic",0,0,NA,0,NA,"Congressional District 3","27"
"Minnesota","Minnesota District 4",4,"Betty McCollum","Democratic",0,0,NA,0,NA,"Congressional District 4","27"
"Minnesota","Minnesota District 5",5,"Ilhan Omar","Democratic",0,0,NA,0,NA,"Congressional District 5","27"
"Minnesota","Minnesota District 6",6,"Tom Emmer","Republican",0,0,NA,0,NA,"Congressional District 6","27"
"Minnesota","Minnesota District 7",7,"Michelle Fischbach","Republican",556,2155906.3,3877.52931654676,16,"4797","Congressional District 7","27"
"Minnesota","Minnesota District 8",8,"Pete Stauber","Republican",1068,3897859.97,3649.68161985019,58,"4671,4797","Congressional District 8","27"
"Mississippi","Mississippi District 1",1,"Trent Kelly","Republican",2175,3677215.05,1690.6735862069,16,"4673,4697","Congressional District 1","28"
"Mississippi","Mississippi District 2",2,"Bennie Thompson","Democratic",19458,34530041.6,1774.59356562853,70,"4611,4626,4697,4727,4790","Congressional District 2","28"
"Mississippi","Mississippi District 3",3,"Michael Guest","Republican",6874,13807915.3,2008.71622054117,41,"4626,4671,4697,4727,4790,4829","Congressional District 3","28"
"Mississippi","Mississippi District 4",4,"Mike Ezell","Republican",5110,9670261.78,1892.41913502935,29,"4611,4626,4727,4790","Congressional District 4","28"
"Missouri","Missouri District 1",1,"Wesley Bell","Democratic",21464,45068729.64,2099.73581997764,40,"4665","Congressional District 1","29"
"Missouri","Missouri District 2",2,"Ann Wagner","Republican",2635,2716730.46,1031.01725237192,44,"4665","Congressional District 2","29"
"Missouri","Missouri District 3",3,"Bob Onder","Republican",2110,4051310.21,1920.05223222749,43,"4665","Congressional District 3","29"
"Missouri","Missouri District 4",4,"Mark Alford","Republican",218,0,0,69,"4665","Congressional District 4","29"
"Missouri","Missouri District 5",5,"Emanuel Cleaver","Democratic",207,0,0,34,"4665","Congressional District 5","29"
"Missouri","Missouri District 6",6,"Sam Graves","Republican",133,0,0,62,"4665","Congressional District 6","29"
"Missouri","Missouri District 7",7,"Eric Burlison","Republican",342,315163.34,921.530233918129,52,"4665,4803","Congressional District 7","29"
"Missouri","Missouri District 8",8,"Jason Smith","Republican",1787,3322479.06,1859.24961387801,96,"4611,4665,4803","Congressional District 8","29"
"Montana","Montana District 1",1,"Ryan Zinke","Republican",6,14114.91,2352.485,5,"4655,4673","Congressional District 1","30"
"Montana","Montana District 2",2,"Troy Downing","Republican",1313,4289117.11,3266.65431073877,43,"4655,4847","Congressional District 2","30"
"Nebraska","Nebraska District 1",1,"Mike Flood","Republican",0,0,NA,0,NA,"Congressional District 1","31"
"Nebraska","Nebraska District 2",2,"Don Bacon","Republican",707,739993.45,1046.66683168317,30,"4778","Congressional District 2","31"
"Nebraska","Nebraska District 3",3,"Adrian Smith","Republican",226,166364.5,736.12610619469,5,"4728,4778","Congressional District 3","31"
"Nevada","Nevada District 1",1,"Dina Titus","Democratic",0,0,NA,0,NA,"Congressional District 1","32"
"Nevada","Nevada District 2",2,"Mark Amodei","Republican",0,0,NA,0,NA,"Congressional District 2","32"
"Nevada","Nevada District 3",3,"Susie Lee","Democratic",0,0,NA,0,NA,"Congressional District 3","32"
"Nevada","Nevada District 4",4,"Steven Horsford","Democratic",0,0,NA,0,NA,"Congressional District 4","32"
"New Hampshire","New Hampshire District 1",1,"Chris Pappas","Democratic",0,0,NA,0,NA,"Congressional District 1","33"
"New Hampshire","New Hampshire District 2",2,"Maggie Goodlander","Democratic",0,0,NA,0,NA,"Congressional District 2","33"
"New Jersey","New Jersey District 1",1,"Donald Norcross","Democratic",873,426233.26,488.239702176403,19,"4614","Congressional District 1","34"
"New Jersey","New Jersey District 2",2,"Jeff Van Drew","Republican",488,72219.6,147.990983606557,14,"4614","Congressional District 2","34"
"New Jersey","New Jersey District 3",3,"Herb Conaway","Democratic",667,677650.23,1015.96736131934,9,"4614,4671","Congressional District 3","34"
"New Jersey","New Jersey District 4",4,"Chris Smith","Republican",9,3100,344.444444444444,5,"4614,4671","Congressional District 4","34"
"New Jersey","New Jersey District 5",5,"Josh Gottheimer","Democratic",7798,22949561.59,2943.00610284688,48,"4614,4671","Congressional District 5","34"
"New Jersey","New Jersey District 6",6,"Frank Pallone","Democratic",6798,20956940.32,3082.8096969697,28,"4611,4614,4671","Congressional District 6","34"
"New Jersey","New Jersey District 7",7,"Thomas Kean Jr.","Republican",10270,35292880.96,3436.50252775073,73,"4614,4618,4671","Congressional District 7","34"
"New Jersey","New Jersey District 8",8,"Rob Menendez","Democratic",11500,37898071.2,3295.48445217391,19,"4614","Congressional District 8","34"
"New Jersey","New Jersey District 9",9,"Nellie Pou","Democratic",12024,33216224.93,2762.49375665336,42,"4614,4615","Congressional District 9","34"
"New Jersey","New Jersey District 10",10,"LaMonica McIver","Democratic",15190,47124112.37,3102.31154509546,23,"4614","Congressional District 10","34"
"New Jersey","New Jersey District 11",11,"Mikie Sherrill","Democratic",8582,25115605.38,2926.54455604754,50,"4614,4671","Congressional District 11","34"
"New Jersey","New Jersey District 12",12,"Bonnie Watson Coleman","Democratic",9748,31581807.76,3239.82434961018,40,"4614","Congressional District 12","34"
"New Mexico","New Mexico District 1",1,"Melanie Stansbury","Democratic",3936,13009290.34,3305.20587906504,34,"4652,4795,4843","Congressional District 1","35"
"New Mexico","New Mexico District 2",2,"Gabe Vasquez","Democratic",258,10512.35,40.7455426356589,36,"4652,4673,4795,4834","Congressional District 2","35"
"New Mexico","New Mexico District 3",3,"Teresa Leger Fernandez","Democratic",6145,20056224.95,3263.82830756713,76,"4652,4795,4843","Congressional District 3","35"
"New York","New York District 1",1,"Nick LaLota","Republican",2693,3305959.63,1227.61219086521,57,"4615","Congressional District 1","36"
"New York","New York District 2",2,"Andrew Garbarino","Republican",2078,601903.74,289.65531280077,42,"4615,4671","Congressional District 2","36"
"New York","New York District 3",3,"Tom Suozzi","Democratic",4998,13127935.28,2626.63771108443,43,"4615,4671","Congressional District 3","36"
"New York","New York District 4",4,"Laura Gillen","Democratic",2442,1966505.14,805.28466011466,31,"4615,4671","Congressional District 4","36"
"New York","New York District 5",5,"Gregory Meeks","Democratic",4894,9852723.86,2013.2251450756,22,"4615","Congressional District 5","36"
"New York","New York District 6",6,"Grace Meng","Democratic",10608,35939372.98,3387.94994155354,16,"4615,4671","Congressional District 6","36"
"New York","New York District 7",7,"Nydia Velázquez","Democratic",4240,8961244.72,2113.50111320755,13,"4615,4671","Congressional District 7","36"
"New York","New York District 8",8,"Hakeem Jeffries","Democratic",6900,14401718.2,2087.20553623188,11,"4615","Congressional District 8","36"
"New York","New York District 9",9,"Yvette Clarke","Democratic",4842,11955682.6,2469.16204047914,9,"4615","Congressional District 9","36"
"New York","New York District 10",10,"Dan Goldman","Democratic",1943,3430896.38,1765.77271230057,12,"4615,4798","Congressional District 10","36"
"New York","New York District 11",11,"Nicole Malliotakis","Republican",8201,24640908.13,3004.62237897817,16,"4615","Congressional District 11","36"
"New York","New York District 12",12,"Jerry Nadler","Democratic",5,8825.49,1765.098,5,"4615,4798","Congressional District 12","36"
"New York","New York District 13",13,"Adriano Espaillat","Democratic",718,518313.81,721.885529247911,7,"4615","Congressional District 13","36"
"New York","New York District 14",14,"Alexandria Ocasio-Cortez","Democratic",9388,28054362.42,2988.32151896038,17,"4614,4615","Congressional District 14","36"
"New York","New York District 15",15,"Ritchie Torres","Democratic",5936,10675594.37,1798.44918632075,13,"4615,4673","Congressional District 15","36"
"New York","New York District 16",16,"George Latimer","Democratic",13507,47392937.65,3508.76861257126,36,"4611,4615","Congressional District 16","36"
"New York","New York District 17",17,"Mike Lawler","Republican",3065,6020032.8,1964.12163132137,64,"4614,4615,4671","Congressional District 17","36"
"New York","New York District 18",18,"Pat Ryan","Democratic",1522,3652344.7,2399.70085413929,61,"4615","Congressional District 18","36"
"New York","New York District 19",19,"Josh Riley","Democratic",7,11069.5,1581.35714285714,6,"4615,4671,4798,4806","Congressional District 19","36"
"New York","New York District 20",20,"Paul Tonko","Democratic",1,0,0,1,"4615","Congressional District 20","36"
"New York","New York District 21",21,"Elise Stefanik","Republican",122,916641.7,7513.45655737705,12,"4615,4671,4818","Congressional District 21","36"
"New York","New York District 22",22,"John Mannion","Democratic",6,500,83.3333333333333,5,"4611,4615","Congressional District 22","36"
"New York","New York District 23",23,"Nick Langworthy","Republican",4,1000,250,4,"4615,4671","Congressional District 23","36"
"New York","New York District 24",24,"Claudia Tenney","Republican",4,0,0,4,"4615,4671","Congressional District 24","36"
"New York","New York District 25",25,"Joseph Morelle","Democratic",4,0,0,4,"4615","Congressional District 25","36"
"New York","New York District 26",26,"Tim Kennedy","Democratic",3,1000,333.333333333333,3,"4615,4671","Congressional District 26","36"
"North Carolina","North Carolina District 1",1,"Don Davis","Democratic",959,118454.35,123.518613138686,80,"4617,4827",NA,"37"
"North Carolina","North Carolina District 2",2,"Deborah Ross","Democratic",191,5250,27.4869109947644,18,"4617,4827",NA,"37"
"North Carolina","North Carolina District 3",3,"Greg Murphy","Republican",405,6300,15.5555555555556,65,"4671,4827",NA,"37"
"North Carolina","North Carolina District 4",4,"Valerie Foushee","Democratic",119,8400,70.5882352941177,21,"4827",NA,"37"
"North Carolina","North Carolina District 5",5,"Virginia Foxx","Republican",23410,30502630.18,1302.9743776164,69,"4617,4827,4830",NA,"37"
"North Carolina","North Carolina District 6",6,"Addison McDowell","Republican",1300,750618.42,577.398784615385,27,"4827",NA,"37"
"North Carolina","North Carolina District 7",7,"David Rouzer","Republican",374,19864,53.1122994652406,51,"4827",NA,"37"
"North Carolina","North Carolina District 8",8,"Mark Harris","Republican",3176,938156.72,295.389395465995,46,"4617,4827",NA,"37"
"North Carolina","North Carolina District 9",9,"Richard Hudson","Republican",272,25500,93.75,38,"4614,4671,4827",NA,"37"
"North Carolina","North Carolina District 10",10,"Pat Harrigan","Republican",10145,5748205.86,566.604816165599,38,"4617,4827",NA,"37"
"North Carolina","North Carolina District 11",11,"Chuck Edwards","Republican",168822,240080506.4,1422.09253770243,89,"4617,4827",NA,"37"
"North Carolina","North Carolina District 12",12,"Alma Adams","Democratic",11978,3297506.42,275.296912673234,17,"4617,4827",NA,"37"
"North Carolina","North Carolina District 13",13,"Brad Knott","Republican",303,73939.03,244.023201320132,39,"4827",NA,"37"
"North Carolina","North Carolina District 14",14,"Tim Moore","Republican",56763,44066520.83,776.324733188873,55,"4617,4827",NA,"37"
"North Dakota","North Dakota At-Large",0,"Julie Fedorchak","Republican",2,1050,525,2,"4586,4798","Congressional District (at Large)","38"
"Ohio","Ohio District 1",1,"Greg Landsman","Democratic",1,0,0,1,"4607","Congressional District 1","39"
"Ohio","Ohio District 2",2,"David Taylor","Republican",0,0,NA,0,NA,"Congressional District 2","39"
"Ohio","Ohio District 3",3,"Joyce Beatty","Democratic",4,0,0,2,"4607,4777","Congressional District 3","39"
"Ohio","Ohio District 4",4,"Jim Jordan","Republican",964,3307899.4,3431.43091286307,34,"4777","Congressional District 4","39"
"Ohio","Ohio District 5",5,"Bob Latta","Republican",88,156026.77,1773.03147727273,13,"4671,4777","Congressional District 5","39"
"Ohio","Ohio District 6",6,"Michael Rulli","Republican",1,1000,1000,1,"4671","Congressional District 6","39"
"Ohio","Ohio District 7",7,"Max Miller","Republican",0,0,NA,0,NA,"Congressional District 7","39"
"Ohio","Ohio District 8",8,"Warren Davidson","Republican",66,18099.64,274.23696969697,7,"4777","Congressional District 8","39"
"Ohio","Ohio District 9",9,"Marcy Kaptur","Democratic",1,0,0,1,"4675","Congressional District 9","39"
"Ohio","Ohio District 10",10,"Mike Turner","Republican",0,0,NA,0,NA,"Congressional District 10","39"
"Ohio","Ohio District 11",11,"Shontel Brown","Democratic",1,0,0,1,"4673","Congressional District 11","39"
"Ohio","Ohio District 12",12,"Troy Balderson","Republican",197,200662.12,1018.58944162437,11,"4671,4777","Congressional District 12","39"
"Ohio","Ohio District 13",13,"Emilia Sykes","Democratic",2,700,350,2,"4671,4673","Congressional District 13","39"
"Ohio","Ohio District 14",14,"David Joyce","Republican",0,0,NA,0,NA,"Congressional District 14","39"
"Ohio","Ohio District 15",15,"Mike Carey","Republican",22,37756.65,1716.21136363636,6,"4777","Congressional District 15","39"
"Oklahoma","Oklahoma District 1",1,"Kevin Hern","Republican",2138,1078462.01,504.425636108513,37,"4586,4587,4611,4657,4776,4791","Congressional District 1","40"
"Oklahoma","Oklahoma District 2",2,"Josh Brecheen","Republican",4296,8780557.65000001,2043.89144553073,120,"4586,4587,4657,4776,4781,4791","Congressional District 2","40"
"Oklahoma","Oklahoma District 3",3,"Frank Lucas","Republican",2153,3721509.75,1728.52287505806,74,"4587,4611,4657,4706,4776,4791","Congressional District 3","40"
"Oklahoma","Oklahoma District 4",4,"Tom Cole","Republican",3010,7782502.04,2585.54885049834,70,"4587,4657,4706,4776,4791","Congressional District 4","40"
"Oklahoma","Oklahoma District 5",5,"Stephanie Bice","Republican",4508,4207634.25,933.370507985803,59,"4586,4587,4657,4706,4776","Congressional District 5","40"
"Oregon","Oregon District 1",1,"Suzanne Bonamici","Democratic",0,0,NA,0,NA,"Congressional District 1","41"
"Oregon","Oregon District 2",2,"Cliff Bentz","Republican",0,0,NA,0,NA,"Congressional District 2","41"
"Oregon","Oregon District 3",3,"Maxine Dexter","Democratic",0,0,NA,0,NA,"Congressional District 3","41"
"Oregon","Oregon District 4",4,"Val Hoyle","Democratic",0,0,NA,0,NA,"Congressional District 4","41"
"Oregon","Oregon District 5",5,"Janelle Bynum","Democratic",0,0,NA,0,NA,"Congressional District 5","41"
"Oregon","Oregon District 6",6,"Andrea Salinas","Democratic",0,0,NA,0,NA,"Congressional District 6","41"
"Pennsylvania","Pennsylvania District 1",1,"Brian Fitzpatrick","Republican",3445,5280835.35,1532.89850507983,57,"4614,4618,9808","Congressional District 1","42"
"Pennsylvania","Pennsylvania District 2",2,"Brendan Boyle","Democratic",18963,30980182.26,1633.71735801297,21,"4611,4618,9808","Congressional District 2","42"
"Pennsylvania","Pennsylvania District 3",3,"Dwight Evans","Democratic",31575,53846611.06,1705.3558530483,21,"4618,9808","Congressional District 3","42"
"Pennsylvania","Pennsylvania District 4",4,"Madeleine Dean","Democratic",4695,10195898.75,2171.65042598509,41,"4618,9808","Congressional District 4","42"
"Pennsylvania","Pennsylvania District 5",5,"Mary Gay Scanlon","Democratic",12950,19391121.6,1497.38390733591,44,"4618","Congressional District 5","42"
"Pennsylvania","Pennsylvania District 6",6,"Chrissy Houlahan","Democratic",2851,4910801.55,1722.48388284812,34,"4618,9808","Congressional District 6","42"
"Pennsylvania","Pennsylvania District 7",7,"Ryan Mackenzie","Republican",543,362951.13,668.418287292818,25,"4618,4671,9808","Congressional District 7","42"
"Pennsylvania","Pennsylvania District 8",8,"Rob Bresnahan","Republican",4,4134,1033.5,4,"4607,4618,4671,9808","Congressional District 8","42"
"Pennsylvania","Pennsylvania District 9",9,"Dan Meuser","Republican",175,504066.11,2880.37777142857,8,"4618,4815,9808","Congressional District 9","42"
"Pennsylvania","Pennsylvania District 10",10,"Scott Perry","Republican",1490,1881032.12,1262.43766442953,16,"4618,9808","Congressional District 10","42"
"Pennsylvania","Pennsylvania District 11",11,"Lloyd Smucker","Republican",1367,1003977.61,734.438632040966,23,"4618,4671,9808","Congressional District 11","42"
"Pennsylvania","Pennsylvania District 12",12,"Summer Lee","Democratic",4,700,175,4,"4618,4671,9808","Congressional District 12","42"
"Pennsylvania","Pennsylvania District 13",13,"John Joyce","Republican",390,774718.39,1986.45741025641,30,"4618,4671,9808","Congressional District 13","42"
"Pennsylvania","Pennsylvania District 14",14,"Guy Reschenthaler","Republican",5,1934.82,386.964,5,"4671,9808","Congressional District 14","42"
"Pennsylvania","Pennsylvania District 15",15,"Glenn Thompson","Republican",992,6580192.02,6633.25808467742,41,"4671,4757,4815","Congressional District 15","42"
"Pennsylvania","Pennsylvania District 16",16,"Mike Kelly","Republican",4,3910,977.5,3,"4618,4671","Congressional District 16","42"
"Pennsylvania","Pennsylvania District 17",17,"Chris Deluzio","Democratic",3,1750,583.333333333333,3,"4671,4798,9808","Congressional District 17","42"
"Rhode Island","Rhode Island District 1",1,"Gabe Amo","Democratic",2079,7190048.4,3458.41673881674,18,"4753,4765,4766","Congressional District 1","44"
"Rhode Island","Rhode Island District 2",2,"Seth Magaziner","Democratic",4029,15329741.16,3804.85012658228,43,"4753,4765,4766","Congressional District 2","44"
"South Carolina","South Carolina District 1",1,"Nancy Mace","Republican",6407,3456336.19,539.462492586234,37,"4677,4829","Congressional District 1","45"
"South Carolina","South Carolina District 2",2,"Joe Wilson","Republican",70937,39277386.13,553.693927428563,49,"4671,4829,4830","Congressional District 2","45"
"South Carolina","South Carolina District 3",3,"Sheri Biggs","Republican",143645,86404516.18,601.514262104494,75,"4617,4829","Congressional District 3","45"
"South Carolina","South Carolina District 4",4,"William Timmons","Republican",151974,91704976.66,603.425432376591,43,"4827,4829","Congressional District 4","45"
"South Carolina","South Carolina District 5",5,"Ralph Norman","Republican",42110,21425536.98,508.799263357872,54,"4827,4829","Congressional District 5","45"
"South Carolina","South Carolina District 6",6,"Jim Clyburn","Democratic",30163,16684317,553.138514073534,76,"4677,4829","Congressional District 6","45"
"South Carolina","South Carolina District 7",7,"Russell Fry","Republican",3662,2461673.86,672.221152375751,41,"4677,4829","Congressional District 7","45"
"South Dakota","South Dakota At-Large",0,"Dusty Johnson","Republican",1519,9438641.6,6213.72060566162,36,"4807,4842","Congressional District (at Large)","46"
"Tennessee","Tennessee District 1",1,"Diana Harshbarger","Republican",14977,28846337.9,1926.04245843627,50,"4601,4609,4827,4832","Congressional District 1","47"
"Tennessee","Tennessee District 2",2,"Tim Burchett","Republican",2,4338.88,2169.44,2,"4609,4673","Congressional District 2","47"
"Tennessee","Tennessee District 3",3,"Chuck Fleischmann","Republican",2,0,0,2,"4601,4734","Congressional District 3","47"
"Tennessee","Tennessee District 4",4,"Scott DesJarlais","Republican",161,144612.1,898.211801242236,14,"4601,4609,4637,4701","Congressional District 4","47"
"Tennessee","Tennessee District 5",5,"Andy Ogles","Republican",1281,1672750.44,1305.81611241218,20,"4601,4609,4637,4673,4701,4751","Congressional District 5","47"
"Tennessee","Tennessee District 6",6,"John Rose","Republican",1753,1437625.26,820.094272675414,24,"4601,4637,4671,4673,4701,4751","Congressional District 6","47"
"Tennessee","Tennessee District 7",7,"Mark E. Green","Republican",6077,12229272.58,2012.38647029784,53,"4601,4609,4630,4637,4673,4701,4751,4804","Congressional District 7","47"
"Tennessee","Tennessee District 8",8,"David Kustoff","Republican",2017,4015281.74,1990.71975210709,70,"4609,4637,4671,4673,4701,4751","Congressional District 8","47"
"Tennessee","Tennessee District 9",9,"Steve Cohen","Democratic",62,107933.57,1740.86403225806,7,"4601,4609,4673,4701","Congressional District 9","47"
"Texas","Texas District 1",1,"Nathaniel Moran","Republican",19057,19439494.73,1020.07108831401,68,"4586,4781,4798","Congressional District 1","48"
"Texas","Texas District 2",2,"Dan Crenshaw","Republican",168667,125118828.66,741.809771087409,21,"4586,4781,4798","Congressional District 2","48"
"Texas","Texas District 3",3,"Keith Self","Republican",8026,3274345.27,407.967265138301,27,"4586,4781","Congressional District 3","48"
"Texas","Texas District 4",4,"Pat Fallon","Republican",9410,4079848.18,433.565162592986,61,"4586,4781,4798","Congressional District 4","48"
"Texas","Texas District 5",5,"Lance Gooden","Republican",23242,25467598.85,1095.75763058257,45,"4586,4781,4798","Congressional District 5","48"
"Texas","Texas District 6",6,"Jake Ellzey","Republican",14549,12935164.28,889.075832015947,70,"4586,4781","Congressional District 6","48"
"Texas","Texas District 7",7,"Lizzie Fletcher","Democratic",120598,65626121.91,544.172556012537,17,"4586,4781,4798","Congressional District 7","48"
"Texas","Texas District 8",8,"Morgan Luttrell","Republican",157830,120690067.35,764.683946968257,35,"4586,4781,4798,4817","Congressional District 8","48"
"Texas","Texas District 9",9,"Al Green","Democratic",198683,138814011.07,698.670802585022,25,"4586,4611,4781,4798","Congressional District 9","48"
"Texas","Texas District 10",10,"Michael McCaul","Republican",12954,8321708.6,642.404554577737,67,"4586,4781,4798","Congressional District 10","48"
"Texas","Texas District 11",11,"August Pfluger","Republican",6208,2708063.47,436.221564110825,40,"4586,4781,4798","Congressional District 11","48"
"Texas","Texas District 12",12,"Craig Goldman","Republican",10507,5018810.46,477.663506233939,27,"4586,4781","Congressional District 12","48"
"Texas","Texas District 13",13,"Ronny Jackson","Republican",3561,1778876.62,499.544122437518,31,"4586,4671,4781,4798","Congressional District 13","48"
"Texas","Texas District 14",14,"Randy Weber","Republican",113703,90196807.16,793.266731396709,45,"4586,4781,4798","Congressional District 14","48"
"Texas","Texas District 15",15,"Monica De La Cruz","Republican",4696,2938889.84,625.828330494037,43,"4586,4611,4781,4798","Congressional District 15","48"
"Texas","Texas District 16",16,"Veronica Escobar","Democratic",2,1050,525,2,"4781,4798","Congressional District 16","48"
"Texas","Texas District 17",17,"Pete Sessions","Republican",21693,23900934.65,1101.78097312497,90,"4586,4781,4798","Congressional District 17","48"
"Texas","Texas District 18",18,"Sylvester Turner","Democratic",170681,136391949.38,799.104466109292,22,"4586,4611,4781,4798","Congressional District 18","48"
"Texas","Texas District 19",19,"Jodey Arrington","Republican",4481,7563258.6,1687.8506137023,55,"4586,4611,4781","Congressional District 19","48"
"Texas","Texas District 20",20,"Joaquin Castro","Democratic",4416,2019818.61,457.386460597826,12,"4586","Congressional District 20","48"
"Texas","Texas District 21",21,"Chip Roy","Republican",6128,3452363.15,563.375187663185,47,"4586,4611,4781,4798","Congressional District 21","48"
"Texas","Texas District 22",22,"Troy Nehls","Republican",103011,72727569.68,706.017509586355,41,"4586,4781,4798","Congressional District 22","48"
"Texas","Texas District 23",23,"Tony Gonzales","Republican",5509,2704982.26,491.011483027773,36,"4586,4611,4781,4798","Congressional District 23","48"
"Texas","Texas District 24",24,"Beth Van Duyne","Republican",9675,3461037.5,357.729974160207,27,"4586,4781,4798","Congressional District 24","48"
"Texas","Texas District 25",25,"Roger Williams","Republican",8845,5308419.19,600.160451102318,51,"4586,4781,4798","Congressional District 25","48"
"Texas","Texas District 26",26,"Brandon Gill","Republican",8179,7100345.36,868.119007213596,28,"4586,4781","Congressional District 26","48"
"Texas","Texas District 27",27,"Michael Cloud","Republican",16056,8785168.57,547.1579826856,91,"4586,4611,4781,4798","Congressional District 27","48"
"Texas","Texas District 28",28,"Henry Cuellar","Democratic",5301,3144439.32,593.178517260894,44,"4586,4607,4611,4781,4798","Congressional District 28","48"
"Texas","Texas District 29",29,"Sylvia Garcia","Democratic",166796,138785352.76,832.066433007986,23,"4586,4611,4781,4798","Congressional District 29","48"
"Texas","Texas District 30",30,"Jasmine Crockett","Democratic",29833,22593035.81,757.316924546643,30,"4586,4781","Congressional District 30","48"
"Texas","Texas District 31",31,"John Carter","Republican",16403,12165534.14,741.66519173322,49,"4586,4781,4798","Congressional District 31","48"
"Texas","Texas District 32",32,"Julie Johnson","Democratic",14189,8111185.1,571.65304813588,16,"4586,4781","Congressional District 32","48"
"Texas","Texas District 33",33,"Marc Veasey","Democratic",15417,12314704.07,798.774344554712,25,"4586,4671,4781,4798","Congressional District 33","48"
"Texas","Texas District 34",34,"Vicente Gonzalez","Democratic",3636,1837713.44,505.421738173817,33,"4586,4781,4798","Congressional District 34","48"
"Texas","Texas District 35",35,"Greg Casar","Democratic",9733,4466546.77,458.907507448885,27,"4586","Congressional District 35","48"
"Texas","Texas District 36",36,"Brian Babin","Republican",123887,108918178.11,879.173586494144,67,"4586,4781,4798","Congressional District 36","48"
"Texas","Texas District 37",37,"Lloyd Doggett","Democratic",6496,1387218.23,213.549604371921,26,"4586,4611","Congressional District 37","48"
"Texas","Texas District 38",38,"Wesley Hunt","Republican",137247,71523314.75,521.128438144367,19,"4586,4611,4781,4798","Congressional District 38","48"
"Utah","Utah District 1",1,"Blake Moore","Republican",0,0,NA,0,NA,"Congressional District 1","49"
"Utah","Utah District 2",2,"Celeste Maloy","Republican",0,0,NA,0,NA,"Congressional District 2","49"
"Utah","Utah District 3",3,"Mike Kennedy","Republican",0,0,NA,0,NA,"Congressional District 3","49"
"Utah","Utah District 4",4,"Burgess Owens","Republican",0,0,NA,0,NA,"Congressional District 4","49"
"Vermont","Vermont At-Large",0,"Becca Balint","Democratic",8618,37085021.86,4303.20513576236,209,"4720,4810,4826","Congressional District (at Large)","50"
"Virginia","Virginia District 1",1,"Rob Wittman","Republican",32,2140,66.875,21,"4831","Congressional District 1","51"
"Virginia","Virginia District 2",2,"Jen Kiggans","Republican",25,1770,70.8,14,"4673,4831","Congressional District 2","51"
"Virginia","Virginia District 3",3,"Bobby Scott","Democratic",47,1070,22.7659574468085,26,"4673,4831","Congressional District 3","51"
"Virginia","Virginia District 4",4,"Jennifer McClellan","Democratic",46,3210,69.7826086956522,22,"4798,4831","Congressional District 4","51"
"Virginia","Virginia District 5",5,"John McGuire","Republican",54,51378.68,951.457037037037,30,"4673,4827,4831","Congressional District 5","51"
"Virginia","Virginia District 6",6,"Ben Cline","Republican",25,1070,42.8,18,"4831","Congressional District 6","51"
"Virginia","Virginia District 7",7,"Eugene Vindman","Democratic",75,1070,14.2666666666667,18,"4831","Congressional District 7","51"
"Virginia","Virginia District 8",8,"Don Beyer","Democratic",41,1070,26.0975609756098,18,"4794,4831","Congressional District 8","51"
"Virginia","Virginia District 9",9,"Morgan Griffith","Republican",9885,14665349.85,1483.59634294385,129,"4611,4630,4715,4831","Congressional District 9","51"
"Virginia","Virginia District 10",10,"Suhas Subramanyam","Democratic",28,1870,66.7857142857143,17,"4611,4671,4831","Congressional District 10","51"
"Virginia","Virginia District 11",11,"Gerry Connolly","Democratic",25,0,0,13,"4831","Congressional District 11","51"
"Washington","Washington District 1",1,"Suzan DelBene","Democratic",1,0,0,1,"4635","Congressional District 1","53"
"Washington","Washington District 2",2,"Rick Larsen","Democratic",1786,7104525.25,3977.89767637178,31,"4635","Congressional District 2","53"
"Washington","Washington District 3",3,"Marie Gluesenkamp Perez","Democratic",7,300,42.8571428571429,5,"4635,4715","Congressional District 3","53"
"Washington","Washington District 4",4,"Dan Newhouse","Republican",23,691594.52,30069.3269565217,4,"4635,4823","Congressional District 4","53"
"Washington","Washington District 5",5,"Michael Baumgartner","Republican",581,3563286.14,6133.022616179,28,"4635,4671,4673,4759","Congressional District 5","53"
"Washington","Washington District 6",6,"Emily Randall","Democratic",135,425229.47,3149.84792592593,12,"4635,4715","Congressional District 6","53"
"Washington","Washington District 7",7,"Pramila Jayapal","Democratic",0,0,NA,0,NA,"Congressional District 7","53"
"Washington","Washington District 8",8,"Kim Schrier","Democratic",5,0,0,5,"4635","Congressional District 8","53"
"Washington","Washington District 9",9,"Adam Smith","Democratic",1,0,0,1,"4635","Congressional District 9","53"
"Washington","Washington District 10",10,"Marilyn Strickland","Democratic",8,0,0,7,"4635,4699","Congressional District 10","53"
"West Virginia","West Virginia District 1",1,"Carol Miller","Republican",4386,15286037.28,3485.18861833105,203,"4605,4611,4671,4756,4783,4787,4851","Congressional District 1","54"
"West Virginia","West Virginia District 2",2,"Riley Moore","Republican",718,2881957.4,4013.86824512535,34,"4605,4671,4673,4756,4783,4787","Congressional District 2","54"
"Wisconsin","Wisconsin District 1",1,"Bryan Steil","Republican",0,0,NA,0,NA,"Congressional District 1","55"
"Wisconsin","Wisconsin District 2",2,"Mark Pocan","Democratic",0,0,NA,0,NA,"Congressional District 2","55"
"Wisconsin","Wisconsin District 3",3,"Derrick Van Orden","Republican",0,0,NA,0,NA,"Congressional District 3","55"
"Wisconsin","Wisconsin District 4",4,"Gwen Moore","Democratic",1,0,0,1,"4671","Congressional District 4","55"
"Wisconsin","Wisconsin District 5",5,"Scott Fitzgerald","Republican",0,0,NA,0,NA,"Congressional District 5","55"
"Wisconsin","Wisconsin District 6",6,"Glenn Grothman","Republican",1,0,0,1,"4671","Congressional District 6","55"
"Wisconsin","Wisconsin District 7",7,"Tom Tiffany","Republican",0,0,NA,0,NA,"Congressional District 7","55"
"Wisconsin","Wisconsin District 8",8,"Tony Wied","Republican",0,0,NA,0,NA,"Congressional District 8","55"
"Wyoming","Wyoming At-Large",0,"Harriet Hageman","Republican",0,0,NA,0,NA,"Congressional District (at Large)","56"
